{
	"credit": "Made with Blockbench",
	"parent": "StaffPickaxe",
	"textures": {
		"3": "blockbench/texture_0",
		"4": "blockbench/texture_1",
		"5": "blockbench/texture_4",
		"6": "blockbench/texture_2",
		"7": "blockbench/texture_3",
		"particle": "blockbench/texture_1"
	},
	"elements": [
		{
			"name": "Griff",
			"from": [7.5, 2.5, 7.5],
			"to": [8.5, 13.5, 8.5],
			"rotation": {"angle": 0, "axis": "y", "origin": [7.5, 7.5, 7.5]},
			"faces": {
				"north": {"uv": [7, 0, 10.25, 16], "texture": "#5"},
				"east": {"uv": [7, 0, 10.25, 16], "texture": "#5"},
				"south": {"uv": [7, 0, 10.25, 16], "texture": "#5"},
				"west": {"uv": [7, 0, 10.25, 16], "texture": "#5"},
				"up": {"uv": [7, 0, 10.25, 16], "texture": "#5"},
				"down": {"uv": [7, 0, 10.25, 16], "texture": "#5"}
			}
		},
		{
			"name": "Griff Oben",
			"from": [7.35, 13.35, 7.35],
			"to": [8.65, 13.85, 8.65],
			"rotation": {"angle": 0, "axis": "y", "origin": [7.5, 7.5, 7.5]},
			"faces": {
				"north": {"uv": [2.25, 0, 16, 16], "texture": "#4"},
				"east": {"uv": [2.25, 0, 16, 16], "texture": "#4"},
				"south": {"uv": [2.25, 0, 16, 16], "texture": "#4"},
				"west": {"uv": [2.25, 0, 16, 16], "texture": "#4"},
				"up": {"uv": [2.25, 0, 16, 16], "texture": "#4"},
				"down": {"uv": [2.25, 0, 16, 16], "texture": "#4"}
			}
		},
		{
			"name": "Griff Unten",
			"from": [7.35, 2.35, 7.35],
			"to": [8.65, 3.65, 8.65],
			"rotation": {"angle": 0, "axis": "y", "origin": [7.5, 7.5, 7.5]},
			"faces": {
				"north": {"uv": [4, 3, 12, 12], "texture": "#4"},
				"east": {"uv": [4, 3, 12, 12], "texture": "#4"},
				"south": {"uv": [4, 3, 12, 12], "texture": "#4"},
				"west": {"uv": [4, 3, 12, 12], "texture": "#4"},
				"up": {"uv": [4, 3, 12, 12], "texture": "#4"},
				"down": {"uv": [4, 3, 12, 12], "texture": "#4"}
			}
		},
		{
			"name": "Kopf Mitte",
			"from": [7.4, 13.4, 7.4],
			"to": [8.6, 19.6, 8.5],
			"rotation": {"angle": 0, "axis": "y", "origin": [7.5, 7.5, 7.5]},
			"faces": {
				"north": {"uv": [3, 0, 12, 16], "texture": "#3"},
				"east": {"uv": [3, 0, 12, 16], "texture": "#3"},
				"south": {"uv": [3, 0, 12, 16], "texture": "#3"},
				"west": {"uv": [3, 0, 12, 16], "texture": "#3"},
				"up": {"uv": [3, 0, 12, 16], "texture": "#3"},
				"down": {"uv": [3, 0, 12, 16], "texture": "#3"}
			}
		},
		{
			"name": "Kopf Unten Seite",
			"from": [7.5, 14.45, 9.5],
			"to": [8.5, 15.25, 10.5],
			"rotation": {"angle": 0, "axis": "y", "origin": [7.5, 7.5, 7.5]},
			"faces": {
				"north": {"uv": [16, 0, 0, 16], "texture": "#6"},
				"east": {"uv": [16, 0, 0, 16], "texture": "#6"},
				"south": {"uv": [16, 0, 0, 16], "texture": "#6"},
				"west": {"uv": [16, 0, 0, 16], "texture": "#6"},
				"up": {"uv": [16, 0, 0, 16], "texture": "#6"},
				"down": {"uv": [16, 0, 0, 16], "texture": "#6"}
			}
		},
		{
			"name": "Kopf Unten Seite",
			"from": [6.5, 14.6, 9.5],
			"to": [7.5, 15.3, 10.5],
			"rotation": {"angle": 0, "axis": "y", "origin": [7.5, 7.5, 7.5]},
			"faces": {
				"north": {"uv": [16, 0, 0, 16], "texture": "#6"},
				"east": {"uv": [16, 0, 0, 16], "texture": "#6"},
				"south": {"uv": [16, 0, 0, 16], "texture": "#6"},
				"west": {"uv": [16, 0, 0, 16], "texture": "#6"},
				"up": {"uv": [16, 0, 0, 16], "texture": "#6"},
				"down": {"uv": [16, 0, 0, 16], "texture": "#6"}
			}
		},
		{
			"name": "Kopf Unten Seite",
			"from": [8.5, 14.6, 9.5],
			"to": [9.5, 15.3, 10.5],
			"rotation": {"angle": 0, "axis": "y", "origin": [7.5, 7.5, 7.5]},
			"faces": {
				"north": {"uv": [16, 0, 0, 16], "texture": "#6"},
				"east": {"uv": [16, 0, 0, 16], "texture": "#6"},
				"south": {"uv": [16, 0, 0, 16], "texture": "#6"},
				"west": {"uv": [16, 0, 0, 16], "texture": "#6"},
				"up": {"uv": [16, 0, 0, 16], "texture": "#6"},
				"down": {"uv": [16, 0, 0, 16], "texture": "#6"}
			}
		},
		{
			"name": "Kopf Unten",
			"from": [7.5, 13.75, 6.5],
			"to": [8.5, 14.45, 9.5],
			"rotation": {"angle": 0, "axis": "y", "origin": [7.5, 8.5, 8.5]},
			"faces": {
				"north": {"uv": [16, 0, 0, 16], "texture": "#6"},
				"east": {"uv": [16, 0, 0, 16], "texture": "#6"},
				"south": {"uv": [16, 0, 0, 16], "texture": "#6"},
				"west": {"uv": [16, 0, 0, 16], "texture": "#6"},
				"up": {"uv": [16, 0, 0, 16], "texture": "#6"},
				"down": {"uv": [16, 0, 0, 16], "texture": "#6"}
			}
		},
		{
			"name": "Kopf Unten Seite",
			"from": [8.5, 14.6, 5.5],
			"to": [9.5, 15.3, 6.5],
			"rotation": {"angle": 0, "axis": "y", "origin": [7.5, 7.5, 8.5]},
			"faces": {
				"north": {"uv": [16, 0, 0, 16], "texture": "#6"},
				"east": {"uv": [16, 0, 0, 16], "texture": "#6"},
				"south": {"uv": [16, 0, 0, 16], "texture": "#6"},
				"west": {"uv": [16, 0, 0, 16], "texture": "#6"},
				"up": {"uv": [16, 0, 0, 16], "texture": "#6"},
				"down": {"uv": [16, 0, 0, 16], "texture": "#6"}
			}
		},
		{
			"name": "Kopf Unten Seite",
			"from": [6.5, 14.6, 5.5],
			"to": [7.5, 15.3, 6.5],
			"rotation": {"angle": 0, "axis": "y", "origin": [7.5, 7.5, 8.5]},
			"faces": {
				"north": {"uv": [16, 0, 0, 16], "texture": "#6"},
				"east": {"uv": [16, 0, 0, 16], "texture": "#6"},
				"south": {"uv": [16, 0, 0, 16], "texture": "#6"},
				"west": {"uv": [16, 0, 0, 16], "texture": "#6"},
				"up": {"uv": [16, 0, 0, 16], "texture": "#6"},
				"down": {"uv": [16, 0, 0, 16], "texture": "#6"}
			}
		},
		{
			"name": "Kopf Unten Seite",
			"from": [7.5, 14.45, 5.5],
			"to": [8.5, 15.25, 6.5],
			"rotation": {"angle": 0, "axis": "y", "origin": [7.5, 7.5, 8.5]},
			"faces": {
				"north": {"uv": [16, 0, 0, 16], "texture": "#6"},
				"east": {"uv": [16, 0, 0, 16], "texture": "#6"},
				"south": {"uv": [16, 0, 0, 16], "texture": "#6"},
				"west": {"uv": [16, 0, 0, 16], "texture": "#6"},
				"up": {"uv": [16, 0, 0, 16], "texture": "#6"},
				"down": {"uv": [16, 0, 0, 16], "texture": "#6"}
			}
		},
		{
			"name": "Kopf Unten",
			"from": [8.5, 13.85, 6.5],
			"to": [9.5, 14.6, 7.5],
			"rotation": {"angle": 0, "axis": "y", "origin": [7.5, 8.5, 8.5]},
			"faces": {
				"north": {"uv": [16, 0, 0, 16], "texture": "#6"},
				"east": {"uv": [16, 0, 0, 16], "texture": "#6"},
				"south": {"uv": [16, 0, 0, 16], "texture": "#6"},
				"west": {"uv": [16, 0, 0, 16], "texture": "#6"},
				"up": {"uv": [16, 0, 0, 16], "texture": "#6"},
				"down": {"uv": [16, 0, 0, 16], "texture": "#6"}
			}
		},
		{
			"name": "Kopf Unten",
			"from": [8.5, 13.85, 8.5],
			"to": [9.5, 14.6, 9.5],
			"rotation": {"angle": 0, "axis": "y", "origin": [7.5, 8.5, 8.5]},
			"faces": {
				"north": {"uv": [16, 0, 0, 16], "texture": "#6"},
				"east": {"uv": [16, 0, 0, 16], "texture": "#6"},
				"south": {"uv": [16, 0, 0, 16], "texture": "#6"},
				"west": {"uv": [16, 0, 0, 16], "texture": "#6"},
				"up": {"uv": [16, 0, 0, 16], "texture": "#6"},
				"down": {"uv": [16, 0, 0, 16], "texture": "#6"}
			}
		},
		{
			"name": "Kopf Unten Seite",
			"from": [9.5, 14.45, 7.5],
			"to": [10.5, 15.25, 8.5],
			"rotation": {"angle": 0, "axis": "y", "origin": [7.5, 7.5, 8.5]},
			"faces": {
				"north": {"uv": [16, 0, 0, 16], "texture": "#6"},
				"east": {"uv": [16, 0, 0, 16], "texture": "#6"},
				"south": {"uv": [16, 0, 0, 16], "texture": "#6"},
				"west": {"uv": [16, 0, 0, 16], "texture": "#6"},
				"up": {"uv": [16, 0, 0, 16], "texture": "#6"},
				"down": {"uv": [16, 0, 0, 16], "texture": "#6"}
			}
		},
		{
			"name": "Kopf Unten Seite",
			"from": [9.5, 14.6, 6.5],
			"to": [10.5, 15.3, 7.5],
			"rotation": {"angle": 0, "axis": "y", "origin": [7.5, 7.5, 8.5]},
			"faces": {
				"north": {"uv": [16, 0, 0, 16], "texture": "#6"},
				"east": {"uv": [16, 0, 0, 16], "texture": "#6"},
				"south": {"uv": [16, 0, 0, 16], "texture": "#6"},
				"west": {"uv": [16, 0, 0, 16], "texture": "#6"},
				"up": {"uv": [16, 0, 0, 16], "texture": "#6"},
				"down": {"uv": [16, 0, 0, 16], "texture": "#6"}
			}
		},
		{
			"name": "Kopf Unten Seite",
			"from": [9.5, 14.6, 8.5],
			"to": [10.5, 15.3, 9.5],
			"rotation": {"angle": 0, "axis": "y", "origin": [7.5, 7.5, 8.5]},
			"faces": {
				"north": {"uv": [16, 0, 0, 16], "texture": "#6"},
				"east": {"uv": [16, 0, 0, 16], "texture": "#6"},
				"south": {"uv": [16, 0, 0, 16], "texture": "#6"},
				"west": {"uv": [16, 0, 0, 16], "texture": "#6"},
				"up": {"uv": [16, 0, 0, 16], "texture": "#6"},
				"down": {"uv": [16, 0, 0, 16], "texture": "#6"}
			}
		},
		{
			"name": "Kopf Unten",
			"from": [6.5, 13.75, 7.5],
			"to": [9.5, 14.45, 8.5],
			"rotation": {"angle": 0, "axis": "y", "origin": [8.5, 8.5, 8.5]},
			"faces": {
				"north": {"uv": [16, 0, 0, 16], "texture": "#6"},
				"east": {"uv": [16, 0, 0, 16], "texture": "#6"},
				"south": {"uv": [16, 0, 0, 16], "texture": "#6"},
				"west": {"uv": [16, 0, 0, 16], "texture": "#6"},
				"up": {"uv": [16, 0, 0, 16], "texture": "#6"},
				"down": {"uv": [16, 0, 0, 16], "texture": "#6"}
			}
		},
		{
			"name": "Kopf Unten",
			"from": [6.5, 13.85, 8.5],
			"to": [7.5, 14.6, 9.5],
			"rotation": {"angle": 0, "axis": "y", "origin": [8.5, 8.5, 8.5]},
			"faces": {
				"north": {"uv": [16, 0, 0, 16], "texture": "#6"},
				"east": {"uv": [16, 0, 0, 16], "texture": "#6"},
				"south": {"uv": [16, 0, 0, 16], "texture": "#6"},
				"west": {"uv": [16, 0, 0, 16], "texture": "#6"},
				"up": {"uv": [16, 0, 0, 16], "texture": "#6"},
				"down": {"uv": [16, 0, 0, 16], "texture": "#6"}
			}
		},
		{
			"name": "Kopf Unten",
			"from": [6.5, 13.85, 6.5],
			"to": [7.5, 14.6, 7.5],
			"rotation": {"angle": 0, "axis": "y", "origin": [8.5, 8.5, 8.5]},
			"faces": {
				"north": {"uv": [16, 0, 0, 16], "texture": "#6"},
				"east": {"uv": [16, 0, 0, 16], "texture": "#6"},
				"south": {"uv": [16, 0, 0, 16], "texture": "#6"},
				"west": {"uv": [16, 0, 0, 16], "texture": "#6"},
				"up": {"uv": [16, 0, 0, 16], "texture": "#6"},
				"down": {"uv": [16, 0, 0, 16], "texture": "#6"}
			}
		},
		{
			"name": "Kopf Unten Seite",
			"from": [5.5, 14.6, 8.5],
			"to": [6.5, 15.3, 9.5],
			"rotation": {"angle": 0, "axis": "y", "origin": [8.5, 7.5, 8.5]},
			"faces": {
				"north": {"uv": [16, 0, 0, 16], "texture": "#6"},
				"east": {"uv": [16, 0, 0, 16], "texture": "#6"},
				"south": {"uv": [16, 0, 0, 16], "texture": "#6"},
				"west": {"uv": [16, 0, 0, 16], "texture": "#6"},
				"up": {"uv": [16, 0, 0, 16], "texture": "#6"},
				"down": {"uv": [16, 0, 0, 16], "texture": "#6"}
			}
		},
		{
			"name": "Kopf Unten Seite",
			"from": [5.5, 14.6, 6.5],
			"to": [6.5, 15.3, 7.5],
			"rotation": {"angle": 0, "axis": "y", "origin": [8.5, 7.5, 8.5]},
			"faces": {
				"north": {"uv": [16, 0, 0, 16], "texture": "#6"},
				"east": {"uv": [16, 0, 0, 16], "texture": "#6"},
				"south": {"uv": [16, 0, 0, 16], "texture": "#6"},
				"west": {"uv": [16, 0, 0, 16], "texture": "#6"},
				"up": {"uv": [16, 0, 0, 16], "texture": "#6"},
				"down": {"uv": [16, 0, 0, 16], "texture": "#6"}
			}
		},
		{
			"name": "Kopf Unten Seite",
			"from": [5.5, 14.45, 7.5],
			"to": [6.5, 15.25, 8.5],
			"rotation": {"angle": 0, "axis": "y", "origin": [8.5, 7.5, 8.5]},
			"faces": {
				"north": {"uv": [16, 0, 0, 16], "texture": "#6"},
				"east": {"uv": [16, 0, 0, 16], "texture": "#6"},
				"south": {"uv": [16, 0, 0, 16], "texture": "#6"},
				"west": {"uv": [16, 0, 0, 16], "texture": "#6"},
				"up": {"uv": [16, 0, 0, 16], "texture": "#6"},
				"down": {"uv": [16, 0, 0, 16], "texture": "#6"}
			}
		},
		{
			"name": "Kopf Unten Seite Addon",
			"from": [6.5, 15.3, 9.5],
			"to": [7.5, 15.4, 10.5],
			"rotation": {"angle": 0, "axis": "y", "origin": [7.5, 7.5, 7.5]},
			"faces": {
				"north": {"uv": [16, 0, 0, 16], "texture": "#6"},
				"east": {"uv": [16, 0, 0, 16], "texture": "#6"},
				"south": {"uv": [16, 0, 0, 16], "texture": "#6"},
				"west": {"uv": [16, 0, 0, 16], "texture": "#6"},
				"up": {"uv": [16, 0, 0, 16], "texture": "#6"},
				"down": {"uv": [16, 0, 0, 16], "texture": "#6"}
			}
		},
		{
			"name": "Kopf Unten Seite Addon",
			"from": [8.5, 15.3, 9.5],
			"to": [9.5, 15.4, 10.5],
			"rotation": {"angle": 0, "axis": "y", "origin": [7.5, 7.5, 7.5]},
			"faces": {
				"north": {"uv": [16, 0, 0, 16], "texture": "#6"},
				"east": {"uv": [16, 0, 0, 16], "texture": "#6"},
				"south": {"uv": [16, 0, 0, 16], "texture": "#6"},
				"west": {"uv": [16, 0, 0, 16], "texture": "#6"},
				"up": {"uv": [16, 0, 0, 16], "texture": "#6"},
				"down": {"uv": [16, 0, 0, 16], "texture": "#6"}
			}
		},
		{
			"name": "Kopf Unten Seite Addon",
			"from": [9.5, 15.3, 8.5],
			"to": [10.5, 15.4, 9.5],
			"rotation": {"angle": 0, "axis": "y", "origin": [7.5, 7.5, 7.5]},
			"faces": {
				"north": {"uv": [16, 0, 0, 16], "texture": "#6"},
				"east": {"uv": [16, 0, 0, 16], "texture": "#6"},
				"south": {"uv": [16, 0, 0, 16], "texture": "#6"},
				"west": {"uv": [16, 0, 0, 16], "texture": "#6"},
				"up": {"uv": [16, 0, 0, 16], "texture": "#6"},
				"down": {"uv": [16, 0, 0, 16], "texture": "#6"}
			}
		},
		{
			"name": "Kopf Unten Seite Addon",
			"from": [9.5, 15.3, 6.5],
			"to": [10.5, 15.4, 7.5],
			"rotation": {"angle": 0, "axis": "y", "origin": [7.5, 7.5, 7.5]},
			"faces": {
				"north": {"uv": [16, 0, 0, 16], "texture": "#6"},
				"east": {"uv": [16, 0, 0, 16], "texture": "#6"},
				"south": {"uv": [16, 0, 0, 16], "texture": "#6"},
				"west": {"uv": [16, 0, 0, 16], "texture": "#6"},
				"up": {"uv": [16, 0, 0, 16], "texture": "#6"},
				"down": {"uv": [16, 0, 0, 16], "texture": "#6"}
			}
		},
		{
			"name": "Kopf Unten Seite Addon",
			"from": [8.5, 15.3, 5.5],
			"to": [9.5, 15.4, 6.5],
			"rotation": {"angle": 0, "axis": "y", "origin": [7.5, 7.5, 7.5]},
			"faces": {
				"north": {"uv": [16, 0, 0, 16], "texture": "#6"},
				"east": {"uv": [16, 0, 0, 16], "texture": "#6"},
				"south": {"uv": [16, 0, 0, 16], "texture": "#6"},
				"west": {"uv": [16, 0, 0, 16], "texture": "#6"},
				"up": {"uv": [16, 0, 0, 16], "texture": "#6"},
				"down": {"uv": [16, 0, 0, 16], "texture": "#6"}
			}
		},
		{
			"name": "Kopf Unten Seite Addon",
			"from": [6.5, 15.3, 5.5],
			"to": [7.5, 15.4, 6.5],
			"rotation": {"angle": 0, "axis": "y", "origin": [7.5, 7.5, 7.5]},
			"faces": {
				"north": {"uv": [16, 0, 0, 16], "texture": "#6"},
				"east": {"uv": [16, 0, 0, 16], "texture": "#6"},
				"south": {"uv": [16, 0, 0, 16], "texture": "#6"},
				"west": {"uv": [16, 0, 0, 16], "texture": "#6"},
				"up": {"uv": [16, 0, 0, 16], "texture": "#6"},
				"down": {"uv": [16, 0, 0, 16], "texture": "#6"}
			}
		},
		{
			"name": "Kopf Unten Seite Addon",
			"from": [5.5, 15.3, 6.5],
			"to": [6.5, 15.4, 7.5],
			"rotation": {"angle": 0, "axis": "y", "origin": [7.5, 7.5, 7.5]},
			"faces": {
				"north": {"uv": [16, 0, 0, 16], "texture": "#6"},
				"east": {"uv": [16, 0, 0, 16], "texture": "#6"},
				"south": {"uv": [16, 0, 0, 16], "texture": "#6"},
				"west": {"uv": [16, 0, 0, 16], "texture": "#6"},
				"up": {"uv": [16, 0, 0, 16], "texture": "#6"},
				"down": {"uv": [16, 0, 0, 16], "texture": "#6"}
			}
		},
		{
			"name": "Kopf Unten Seite Addon",
			"from": [5.5, 15.3, 8.5],
			"to": [6.5, 15.4, 9.5],
			"rotation": {"angle": 0, "axis": "y", "origin": [7.5, 7.5, 7.5]},
			"faces": {
				"north": {"uv": [16, 0, 0, 16], "texture": "#6"},
				"east": {"uv": [16, 0, 0, 16], "texture": "#6"},
				"south": {"uv": [16, 0, 0, 16], "texture": "#6"},
				"west": {"uv": [16, 0, 0, 16], "texture": "#6"},
				"up": {"uv": [16, 0, 0, 16], "texture": "#6"},
				"down": {"uv": [16, 0, 0, 16], "texture": "#6"}
			}
		},
		{
			"name": "Kopf Oben Seite Addon",
			"from": [8.5, 18.5, 9.5],
			"to": [9.5, 18.62, 10.5],
			"rotation": {"angle": 0, "axis": "y", "origin": [7.5, 8.5, 7.5]},
			"faces": {
				"north": {"uv": [16, 0, 0, 16], "texture": "#6"},
				"east": {"uv": [16, 0, 0, 16], "texture": "#6"},
				"south": {"uv": [16, 0, 0, 16], "texture": "#6"},
				"west": {"uv": [16, 0, 0, 16], "texture": "#6"},
				"up": {"uv": [16, 0, 0, 16], "texture": "#6"},
				"down": {"uv": [16, 0, 0, 16], "texture": "#6"}
			}
		},
		{
			"name": "Kopf Oben Seite Addon",
			"from": [6.5, 18.5, 9.5],
			"to": [7.5, 18.62, 10.5],
			"rotation": {"angle": 0, "axis": "y", "origin": [7.5, 8.5, 7.5]},
			"faces": {
				"north": {"uv": [16, 0, 0, 16], "texture": "#6"},
				"east": {"uv": [16, 0, 0, 16], "texture": "#6"},
				"south": {"uv": [16, 0, 0, 16], "texture": "#6"},
				"west": {"uv": [16, 0, 0, 16], "texture": "#6"},
				"up": {"uv": [16, 0, 0, 16], "texture": "#6"},
				"down": {"uv": [16, 0, 0, 16], "texture": "#6"}
			}
		},
		{
			"name": "Kopf Oben Seite Addon",
			"from": [5.5, 18.5, 8.5],
			"to": [6.5, 18.62, 9.5],
			"rotation": {"angle": 0, "axis": "y", "origin": [7.5, 8.5, 7.5]},
			"faces": {
				"north": {"uv": [16, 0, 0, 16], "texture": "#6"},
				"east": {"uv": [16, 0, 0, 16], "texture": "#6"},
				"south": {"uv": [16, 0, 0, 16], "texture": "#6"},
				"west": {"uv": [16, 0, 0, 16], "texture": "#6"},
				"up": {"uv": [16, 0, 0, 16], "texture": "#6"},
				"down": {"uv": [16, 0, 0, 16], "texture": "#6"}
			}
		},
		{
			"name": "Kopf Oben Seite Addon",
			"from": [5.5, 18.5, 6.5],
			"to": [6.5, 18.62, 7.5],
			"rotation": {"angle": 0, "axis": "y", "origin": [7.5, 8.5, 7.5]},
			"faces": {
				"north": {"uv": [16, 0, 0, 16], "texture": "#6"},
				"east": {"uv": [16, 0, 0, 16], "texture": "#6"},
				"south": {"uv": [16, 0, 0, 16], "texture": "#6"},
				"west": {"uv": [16, 0, 0, 16], "texture": "#6"},
				"up": {"uv": [16, 0, 0, 16], "texture": "#6"},
				"down": {"uv": [16, 0, 0, 16], "texture": "#6"}
			}
		},
		{
			"name": "Kopf Oben Seite Addon",
			"from": [6.5, 18.5, 5.5],
			"to": [7.5, 18.62, 6.5],
			"rotation": {"angle": 0, "axis": "y", "origin": [7.5, 8.5, 7.5]},
			"faces": {
				"north": {"uv": [16, 0, 0, 16], "texture": "#6"},
				"east": {"uv": [16, 0, 0, 16], "texture": "#6"},
				"south": {"uv": [16, 0, 0, 16], "texture": "#6"},
				"west": {"uv": [16, 0, 0, 16], "texture": "#6"},
				"up": {"uv": [16, 0, 0, 16], "texture": "#6"},
				"down": {"uv": [16, 0, 0, 16], "texture": "#6"}
			}
		},
		{
			"name": "Kopf Oben Seite Addon",
			"from": [8.5, 18.5, 5.5],
			"to": [9.5, 18.62, 6.5],
			"rotation": {"angle": 0, "axis": "y", "origin": [7.5, 8.5, 7.5]},
			"faces": {
				"north": {"uv": [16, 0, 0, 16], "texture": "#6"},
				"east": {"uv": [16, 0, 0, 16], "texture": "#6"},
				"south": {"uv": [16, 0, 0, 16], "texture": "#6"},
				"west": {"uv": [16, 0, 0, 16], "texture": "#6"},
				"up": {"uv": [16, 0, 0, 16], "texture": "#6"},
				"down": {"uv": [16, 0, 0, 16], "texture": "#6"}
			}
		},
		{
			"name": "Kopf Oben Seite Addon",
			"from": [9.5, 18.5, 6.5],
			"to": [10.5, 18.62, 7.5],
			"rotation": {"angle": 0, "axis": "y", "origin": [7.5, 8.5, 7.5]},
			"faces": {
				"north": {"uv": [16, 0, 0, 16], "texture": "#6"},
				"east": {"uv": [16, 0, 0, 16], "texture": "#6"},
				"south": {"uv": [16, 0, 0, 16], "texture": "#6"},
				"west": {"uv": [16, 0, 0, 16], "texture": "#6"},
				"up": {"uv": [16, 0, 0, 16], "texture": "#6"},
				"down": {"uv": [16, 0, 0, 16], "texture": "#6"}
			}
		},
		{
			"name": "Kopf Oben Seite Addon",
			"from": [9.5, 18.5, 8.5],
			"to": [10.5, 18.62, 9.5],
			"rotation": {"angle": 0, "axis": "y", "origin": [7.5, 8.5, 7.5]},
			"faces": {
				"north": {"uv": [16, 0, 0, 16], "texture": "#6"},
				"east": {"uv": [16, 0, 0, 16], "texture": "#6"},
				"south": {"uv": [16, 0, 0, 16], "texture": "#6"},
				"west": {"uv": [16, 0, 0, 16], "texture": "#6"},
				"up": {"uv": [16, 0, 0, 16], "texture": "#6"},
				"down": {"uv": [16, 0, 0, 16], "texture": "#6"}
			}
		},
		{
			"name": "Kopf Unten Seite",
			"from": [5.5, 18.65, 7.5],
			"to": [6.5, 19.45, 8.5],
			"rotation": {"angle": 0, "axis": "y", "origin": [8.5, 8.5, 8.5]},
			"faces": {
				"north": {"uv": [16, 0, 0, 16], "texture": "#6"},
				"east": {"uv": [16, 0, 0, 16], "texture": "#6"},
				"south": {"uv": [16, 0, 0, 16], "texture": "#6"},
				"west": {"uv": [16, 0, 0, 16], "texture": "#6"},
				"up": {"uv": [16, 0, 0, 16], "texture": "#6"},
				"down": {"uv": [16, 0, 0, 16], "texture": "#6"}
			}
		},
		{
			"name": "Kopf Unten Seite",
			"from": [5.5, 18.6, 6.5],
			"to": [6.5, 19.3, 7.5],
			"rotation": {"angle": 0, "axis": "y", "origin": [8.5, 8.5, 8.5]},
			"faces": {
				"north": {"uv": [16, 0, 0, 16], "texture": "#6"},
				"east": {"uv": [16, 0, 0, 16], "texture": "#6"},
				"south": {"uv": [16, 0, 0, 16], "texture": "#6"},
				"west": {"uv": [16, 0, 0, 16], "texture": "#6"},
				"up": {"uv": [16, 0, 0, 16], "texture": "#6"},
				"down": {"uv": [16, 0, 0, 16], "texture": "#6"}
			}
		},
		{
			"name": "Kopf Unten Seite",
			"from": [5.5, 18.6, 8.5],
			"to": [6.5, 19.3, 9.5],
			"rotation": {"angle": 0, "axis": "y", "origin": [8.5, 8.5, 8.5]},
			"faces": {
				"north": {"uv": [16, 0, 0, 16], "texture": "#6"},
				"east": {"uv": [16, 0, 0, 16], "texture": "#6"},
				"south": {"uv": [16, 0, 0, 16], "texture": "#6"},
				"west": {"uv": [16, 0, 0, 16], "texture": "#6"},
				"up": {"uv": [16, 0, 0, 16], "texture": "#6"},
				"down": {"uv": [16, 0, 0, 16], "texture": "#6"}
			}
		},
		{
			"name": "Kopf Unten Seite",
			"from": [9.5, 18.65, 7.5],
			"to": [10.5, 19.45, 8.5],
			"rotation": {"angle": 0, "axis": "y", "origin": [7.5, 8.5, 8.5]},
			"faces": {
				"north": {"uv": [16, 0, 0, 16], "texture": "#6"},
				"east": {"uv": [16, 0, 0, 16], "texture": "#6"},
				"south": {"uv": [16, 0, 0, 16], "texture": "#6"},
				"west": {"uv": [16, 0, 0, 16], "texture": "#6"},
				"up": {"uv": [16, 0, 0, 16], "texture": "#6"},
				"down": {"uv": [16, 0, 0, 16], "texture": "#6"}
			}
		},
		{
			"name": "Kopf Unten Seite",
			"from": [9.5, 18.6, 8.5],
			"to": [10.5, 19.3, 9.5],
			"rotation": {"angle": 0, "axis": "y", "origin": [7.5, 8.5, 8.5]},
			"faces": {
				"north": {"uv": [16, 0, 0, 16], "texture": "#6"},
				"east": {"uv": [16, 0, 0, 16], "texture": "#6"},
				"south": {"uv": [16, 0, 0, 16], "texture": "#6"},
				"west": {"uv": [16, 0, 0, 16], "texture": "#6"},
				"up": {"uv": [16, 0, 0, 16], "texture": "#6"},
				"down": {"uv": [16, 0, 0, 16], "texture": "#6"}
			}
		},
		{
			"name": "Kopf Unten Seite",
			"from": [9.5, 18.6, 6.5],
			"to": [10.5, 19.3, 7.5],
			"rotation": {"angle": 0, "axis": "y", "origin": [7.5, 8.5, 8.5]},
			"faces": {
				"north": {"uv": [16, 0, 0, 16], "texture": "#6"},
				"east": {"uv": [16, 0, 0, 16], "texture": "#6"},
				"south": {"uv": [16, 0, 0, 16], "texture": "#6"},
				"west": {"uv": [16, 0, 0, 16], "texture": "#6"},
				"up": {"uv": [16, 0, 0, 16], "texture": "#6"},
				"down": {"uv": [16, 0, 0, 16], "texture": "#6"}
			}
		},
		{
			"name": "Kopf Unten",
			"from": [6.5, 19.45, 7.5],
			"to": [9.5, 20.15, 8.5],
			"rotation": {"angle": 0, "axis": "y", "origin": [8.5, 7.5, 8.5]},
			"faces": {
				"north": {"uv": [16, 0, 0, 16], "texture": "#6"},
				"east": {"uv": [16, 0, 0, 16], "texture": "#6"},
				"south": {"uv": [16, 0, 0, 16], "texture": "#6"},
				"west": {"uv": [16, 0, 0, 16], "texture": "#6"},
				"up": {"uv": [16, 0, 0, 16], "texture": "#6"},
				"down": {"uv": [16, 0, 0, 16], "texture": "#6"}
			}
		},
		{
			"name": "Kopf Unten Seite",
			"from": [8.5, 18.6, 9.5],
			"to": [9.5, 19.3, 10.5],
			"rotation": {"angle": 0, "axis": "y", "origin": [7.5, 8.5, 8.5]},
			"faces": {
				"north": {"uv": [16, 0, 0, 16], "texture": "#6"},
				"east": {"uv": [16, 0, 0, 16], "texture": "#6"},
				"south": {"uv": [16, 0, 0, 16], "texture": "#6"},
				"west": {"uv": [16, 0, 0, 16], "texture": "#6"},
				"up": {"uv": [16, 0, 0, 16], "texture": "#6"},
				"down": {"uv": [16, 0, 0, 16], "texture": "#6"}
			}
		},
		{
			"name": "Kopf Unten Seite",
			"from": [6.5, 18.6, 9.5],
			"to": [7.5, 19.3, 10.5],
			"rotation": {"angle": 0, "axis": "y", "origin": [7.5, 8.5, 8.5]},
			"faces": {
				"north": {"uv": [16, 0, 0, 16], "texture": "#6"},
				"east": {"uv": [16, 0, 0, 16], "texture": "#6"},
				"south": {"uv": [16, 0, 0, 16], "texture": "#6"},
				"west": {"uv": [16, 0, 0, 16], "texture": "#6"},
				"up": {"uv": [16, 0, 0, 16], "texture": "#6"},
				"down": {"uv": [16, 0, 0, 16], "texture": "#6"}
			}
		},
		{
			"name": "Kopf Unten Seite",
			"from": [7.5, 18.65, 9.5],
			"to": [8.5, 19.45, 10.5],
			"rotation": {"angle": 0, "axis": "y", "origin": [7.5, 8.5, 8.5]},
			"faces": {
				"north": {"uv": [16, 0, 0, 16], "texture": "#6"},
				"east": {"uv": [16, 0, 0, 16], "texture": "#6"},
				"south": {"uv": [16, 0, 0, 16], "texture": "#6"},
				"west": {"uv": [16, 0, 0, 16], "texture": "#6"},
				"up": {"uv": [16, 0, 0, 16], "texture": "#6"},
				"down": {"uv": [16, 0, 0, 16], "texture": "#6"}
			}
		},
		{
			"name": "Kopf Unten",
			"from": [6.5, 19.3, 8.5],
			"to": [7.5, 20.05, 9.5],
			"rotation": {"angle": 0, "axis": "y", "origin": [7.5, 7.5, 8.5]},
			"faces": {
				"north": {"uv": [16, 0, 0, 16], "texture": "#6"},
				"east": {"uv": [16, 0, 0, 16], "texture": "#6"},
				"south": {"uv": [16, 0, 0, 16], "texture": "#6"},
				"west": {"uv": [16, 0, 0, 16], "texture": "#6"},
				"up": {"uv": [16, 0, 0, 16], "texture": "#6"},
				"down": {"uv": [16, 0, 0, 16], "texture": "#6"}
			}
		},
		{
			"name": "Kopf Unten",
			"from": [8.5, 19.3, 8.5],
			"to": [9.5, 20.05, 9.5],
			"rotation": {"angle": 0, "axis": "y", "origin": [7.5, 7.5, 9.5]},
			"faces": {
				"north": {"uv": [16, 0, 0, 16], "texture": "#6"},
				"east": {"uv": [16, 0, 0, 16], "texture": "#6"},
				"south": {"uv": [16, 0, 0, 16], "texture": "#6"},
				"west": {"uv": [16, 0, 0, 16], "texture": "#6"},
				"up": {"uv": [16, 0, 0, 16], "texture": "#6"},
				"down": {"uv": [16, 0, 0, 16], "texture": "#6"}
			}
		},
		{
			"name": "Kopf Unten Seite",
			"from": [7.5, 18.65, 5.5],
			"to": [8.5, 19.45, 6.5],
			"rotation": {"angle": 0, "axis": "y", "origin": [7.5, 8.5, 7.5]},
			"faces": {
				"north": {"uv": [16, 0, 0, 16], "texture": "#6"},
				"east": {"uv": [16, 0, 0, 16], "texture": "#6"},
				"south": {"uv": [16, 0, 0, 16], "texture": "#6"},
				"west": {"uv": [16, 0, 0, 16], "texture": "#6"},
				"up": {"uv": [16, 0, 0, 16], "texture": "#6"},
				"down": {"uv": [16, 0, 0, 16], "texture": "#6"}
			}
		},
		{
			"name": "Kopf Unten Seite",
			"from": [6.5, 18.6, 5.5],
			"to": [7.5, 19.3, 6.5],
			"rotation": {"angle": 0, "axis": "y", "origin": [7.5, 8.5, 7.5]},
			"faces": {
				"north": {"uv": [16, 0, 0, 16], "texture": "#6"},
				"east": {"uv": [16, 0, 0, 16], "texture": "#6"},
				"south": {"uv": [16, 0, 0, 16], "texture": "#6"},
				"west": {"uv": [16, 0, 0, 16], "texture": "#6"},
				"up": {"uv": [16, 0, 0, 16], "texture": "#6"},
				"down": {"uv": [16, 0, 0, 16], "texture": "#6"}
			}
		},
		{
			"name": "Kopf Unten Seite",
			"from": [8.5, 18.6, 5.5],
			"to": [9.5, 19.3, 6.5],
			"rotation": {"angle": 0, "axis": "y", "origin": [7.5, 8.5, 7.5]},
			"faces": {
				"north": {"uv": [16, 0, 0, 16], "texture": "#6"},
				"east": {"uv": [16, 0, 0, 16], "texture": "#6"},
				"south": {"uv": [16, 0, 0, 16], "texture": "#6"},
				"west": {"uv": [16, 0, 0, 16], "texture": "#6"},
				"up": {"uv": [16, 0, 0, 16], "texture": "#6"},
				"down": {"uv": [16, 0, 0, 16], "texture": "#6"}
			}
		},
		{
			"name": "Kopf Unten",
			"from": [8.5, 19.3, 6.5],
			"to": [9.5, 20.05, 7.5],
			"rotation": {"angle": 0, "axis": "y", "origin": [7.5, 7.5, 6.5]},
			"faces": {
				"north": {"uv": [16, 0, 0, 16], "texture": "#6"},
				"east": {"uv": [16, 0, 0, 16], "texture": "#6"},
				"south": {"uv": [16, 0, 0, 16], "texture": "#6"},
				"west": {"uv": [16, 0, 0, 16], "texture": "#6"},
				"up": {"uv": [16, 0, 0, 16], "texture": "#6"},
				"down": {"uv": [16, 0, 0, 16], "texture": "#6"}
			}
		},
		{
			"name": "Kopf Unten",
			"from": [7.5, 19.45, 6.5],
			"to": [8.5, 20.15, 9.5],
			"rotation": {"angle": 0, "axis": "y", "origin": [7.5, 7.5, 6.5]},
			"faces": {
				"north": {"uv": [16, 0, 0, 16], "texture": "#6"},
				"east": {"uv": [16, 0, 0, 16], "texture": "#6"},
				"south": {"uv": [16, 0, 0, 16], "texture": "#6"},
				"west": {"uv": [16, 0, 0, 16], "texture": "#6"},
				"up": {"uv": [16, 0, 0, 16], "texture": "#6"},
				"down": {"uv": [16, 0, 0, 16], "texture": "#6"}
			}
		},
		{
			"name": "Kopf Unten",
			"from": [6.5, 19.3, 6.5],
			"to": [7.5, 20.05, 7.5],
			"rotation": {"angle": 0, "axis": "y", "origin": [7.5, 7.5, 7.5]},
			"faces": {
				"north": {"uv": [16, 0, 0, 16], "texture": "#6"},
				"east": {"uv": [16, 0, 0, 16], "texture": "#6"},
				"south": {"uv": [16, 0, 0, 16], "texture": "#6"},
				"west": {"uv": [16, 0, 0, 16], "texture": "#6"},
				"up": {"uv": [16, 0, 0, 16], "texture": "#6"},
				"down": {"uv": [16, 0, 0, 16], "texture": "#6"}
			}
		},
		{
			"name": "Kopf Seite",
			"from": [9.6, 15.6, 9.6],
			"to": [10.4, 18.4, 10.4],
			"rotation": {"angle": 0, "axis": "y", "origin": [7.5, 7.5, 7.5]},
			"faces": {
				"north": {"uv": [5, 3, 11, 16], "texture": "#7"},
				"east": {"uv": [5, 3, 11, 16], "texture": "#7"},
				"south": {"uv": [5, 3, 11, 16], "texture": "#7"},
				"west": {"uv": [5, 3, 11, 16], "texture": "#7"},
				"up": {"uv": [5, 3, 11, 16], "texture": "#7"},
				"down": {"uv": [5, 3, 11, 16], "texture": "#7"}
			}
		},
		{
			"name": "Kopf Seite",
			"from": [5.6, 15.6, 9.6],
			"to": [6.4, 18.4, 10.4],
			"rotation": {"angle": 0, "axis": "y", "origin": [7.5, 7.5, 7.5]},
			"faces": {
				"north": {"uv": [5, 3, 11, 16], "texture": "#7"},
				"east": {"uv": [5, 3, 11, 16], "texture": "#7"},
				"south": {"uv": [5, 3, 11, 16], "texture": "#7"},
				"west": {"uv": [5, 3, 11, 16], "texture": "#7"},
				"up": {"uv": [5, 3, 11, 16], "texture": "#7"},
				"down": {"uv": [5, 3, 11, 16], "texture": "#7"}
			}
		},
		{
			"name": "Kopf Seite",
			"from": [5.6, 15.6, 5.6],
			"to": [6.4, 18.4, 6.4],
			"rotation": {"angle": 0, "axis": "y", "origin": [7.5, 7.5, 7.5]},
			"faces": {
				"north": {"uv": [5, 3, 11, 16], "texture": "#7"},
				"east": {"uv": [5, 3, 11, 16], "texture": "#7"},
				"south": {"uv": [5, 3, 11, 16], "texture": "#7"},
				"west": {"uv": [5, 3, 11, 16], "texture": "#7"},
				"up": {"uv": [5, 3, 11, 16], "texture": "#7"},
				"down": {"uv": [5, 3, 11, 16], "texture": "#7"}
			}
		},
		{
			"name": "Kopf Seite",
			"from": [9.6, 15.6, 5.6],
			"to": [10.4, 18.4, 6.4],
			"rotation": {"angle": 0, "axis": "y", "origin": [7.5, 7.5, 7.5]},
			"faces": {
				"north": {"uv": [5, 3, 11, 16], "texture": "#7"},
				"east": {"uv": [5, 3, 11, 16], "texture": "#7"},
				"south": {"uv": [5, 3, 11, 16], "texture": "#7"},
				"west": {"uv": [5, 3, 11, 16], "texture": "#7"},
				"up": {"uv": [5, 3, 11, 16], "texture": "#7"},
				"down": {"uv": [5, 3, 11, 16], "texture": "#7"}
			}
		},
		{
			"name": "Kopf Seite Addon",
			"from": [9.5, 15.3, 5.5],
			"to": [10.5, 15.6, 6.5],
			"rotation": {"angle": 0, "axis": "y", "origin": [7.5, 8.5, 7.5]},
			"faces": {
				"north": {"uv": [0, 0, 16, 16], "texture": "#6"},
				"east": {"uv": [0, 0, 16, 16], "texture": "#6"},
				"south": {"uv": [0, 0, 16, 16], "texture": "#6"},
				"west": {"uv": [0, 0, 16, 16], "texture": "#6"},
				"up": {"uv": [0, 0, 16, 16], "texture": "#6"},
				"down": {"uv": [0, 0, 16, 16], "texture": "#6"}
			}
		},
		{
			"name": "Kopf Seite Addon",
			"from": [9.5, 18.3, 5.5],
			"to": [10.5, 18.6, 6.5],
			"rotation": {"angle": 0, "axis": "y", "origin": [7.5, 8.5, 7.5]},
			"faces": {
				"north": {"uv": [0, 0, 16, 16], "texture": "#6"},
				"east": {"uv": [0, 0, 16, 16], "texture": "#6"},
				"south": {"uv": [0, 0, 16, 16], "texture": "#6"},
				"west": {"uv": [0, 0, 16, 16], "texture": "#6"},
				"up": {"uv": [0, 0, 16, 16], "texture": "#6"},
				"down": {"uv": [0, 0, 16, 16], "texture": "#6"}
			}
		},
		{
			"name": "Kopf Seite Addon",
			"from": [5.5, 15.3, 5.5],
			"to": [6.5, 15.6, 6.5],
			"rotation": {"angle": 0, "axis": "y", "origin": [8.5, 8.5, 7.5]},
			"faces": {
				"north": {"uv": [0, 0, 16, 16], "texture": "#6"},
				"east": {"uv": [0, 0, 16, 16], "texture": "#6"},
				"south": {"uv": [0, 0, 16, 16], "texture": "#6"},
				"west": {"uv": [0, 0, 16, 16], "texture": "#6"},
				"up": {"uv": [0, 0, 16, 16], "texture": "#6"},
				"down": {"uv": [0, 0, 16, 16], "texture": "#6"}
			}
		},
		{
			"name": "Kopf Seite Addon",
			"from": [5.5, 18.3, 5.5],
			"to": [6.5, 18.6, 6.5],
			"rotation": {"angle": 0, "axis": "y", "origin": [8.5, 8.5, 7.5]},
			"faces": {
				"north": {"uv": [0, 0, 16, 16], "texture": "#6"},
				"east": {"uv": [0, 0, 16, 16], "texture": "#6"},
				"south": {"uv": [0, 0, 16, 16], "texture": "#6"},
				"west": {"uv": [0, 0, 16, 16], "texture": "#6"},
				"up": {"uv": [0, 0, 16, 16], "texture": "#6"},
				"down": {"uv": [0, 0, 16, 16], "texture": "#6"}
			}
		},
		{
			"name": "Kopf Seite Addon",
			"from": [5.5, 18.3, 9.5],
			"to": [6.5, 18.6, 10.5],
			"rotation": {"angle": 0, "axis": "y", "origin": [8.5, 8.5, 8.5]},
			"faces": {
				"north": {"uv": [0, 0, 16, 16], "texture": "#6"},
				"east": {"uv": [0, 0, 16, 16], "texture": "#6"},
				"south": {"uv": [0, 0, 16, 16], "texture": "#6"},
				"west": {"uv": [0, 0, 16, 16], "texture": "#6"},
				"up": {"uv": [0, 0, 16, 16], "texture": "#6"},
				"down": {"uv": [0, 0, 16, 16], "texture": "#6"}
			}
		},
		{
			"name": "Kopf Seite Addon",
			"from": [5.5, 15.3, 9.5],
			"to": [6.5, 15.6, 10.5],
			"rotation": {"angle": 0, "axis": "y", "origin": [8.5, 8.5, 8.5]},
			"faces": {
				"north": {"uv": [0, 0, 16, 16], "texture": "#6"},
				"east": {"uv": [0, 0, 16, 16], "texture": "#6"},
				"south": {"uv": [0, 0, 16, 16], "texture": "#6"},
				"west": {"uv": [0, 0, 16, 16], "texture": "#6"},
				"up": {"uv": [0, 0, 16, 16], "texture": "#6"},
				"down": {"uv": [0, 0, 16, 16], "texture": "#6"}
			}
		},
		{
			"name": "Kopf Seite Addon",
			"from": [9.5, 18.3, 9.5],
			"to": [10.5, 18.6, 10.5],
			"rotation": {"angle": 0, "axis": "y", "origin": [7.5, 8.5, 8.5]},
			"faces": {
				"north": {"uv": [0, 0, 16, 16], "texture": "#6"},
				"east": {"uv": [0, 0, 16, 16], "texture": "#6"},
				"south": {"uv": [0, 0, 16, 16], "texture": "#6"},
				"west": {"uv": [0, 0, 16, 16], "texture": "#6"},
				"up": {"uv": [0, 0, 16, 16], "texture": "#6"},
				"down": {"uv": [0, 0, 16, 16], "texture": "#6"}
			}
		},
		{
			"name": "Kopf Seite Addon",
			"from": [9.5, 15.3, 9.5],
			"to": [10.5, 15.6, 10.5],
			"rotation": {"angle": 0, "axis": "y", "origin": [7.5, 8.5, 8.5]},
			"faces": {
				"north": {"uv": [0, 0, 16, 16], "texture": "#6"},
				"east": {"uv": [0, 0, 16, 16], "texture": "#6"},
				"south": {"uv": [0, 0, 16, 16], "texture": "#6"},
				"west": {"uv": [0, 0, 16, 16], "texture": "#6"},
				"up": {"uv": [0, 0, 16, 16], "texture": "#6"},
				"down": {"uv": [0, 0, 16, 16], "texture": "#6"}
			}
		},
		{
			"name": "Kopf Seite Addon Unten",
			"from": [9.5, 14.9, 9.5],
			"to": [10, 15.3, 10],
			"rotation": {"angle": 0, "axis": "y", "origin": [7.5, 8.5, 8.5]},
			"faces": {
				"north": {"uv": [0, 0, 16, 16], "texture": "#6"},
				"east": {"uv": [0, 0, 16, 16], "texture": "#6"},
				"south": {"uv": [0, 0, 16, 16], "texture": "#6"},
				"west": {"uv": [0, 0, 16, 16], "texture": "#6"},
				"up": {"uv": [0, 0, 16, 16], "texture": "#6"},
				"down": {"uv": [0, 0, 16, 16], "texture": "#6"}
			}
		},
		{
			"name": "Kopf Seite Addon Unten",
			"from": [9.5, 14.9, 6],
			"to": [10, 15.3, 6.5],
			"rotation": {"angle": 0, "axis": "y", "origin": [7.5, 8.5, 7.5]},
			"faces": {
				"north": {"uv": [0, 0, 16, 16], "texture": "#6"},
				"east": {"uv": [0, 0, 16, 16], "texture": "#6"},
				"south": {"uv": [0, 0, 16, 16], "texture": "#6"},
				"west": {"uv": [0, 0, 16, 16], "texture": "#6"},
				"up": {"uv": [0, 0, 16, 16], "texture": "#6"},
				"down": {"uv": [0, 0, 16, 16], "texture": "#6"}
			}
		},
		{
			"name": "Kopf Seite Addon Unten",
			"from": [6, 14.9, 6],
			"to": [6.5, 15.3, 6.5],
			"rotation": {"angle": 0, "axis": "y", "origin": [8.5, 8.5, 7.5]},
			"faces": {
				"north": {"uv": [0, 0, 16, 16], "texture": "#6"},
				"east": {"uv": [0, 0, 16, 16], "texture": "#6"},
				"south": {"uv": [0, 0, 16, 16], "texture": "#6"},
				"west": {"uv": [0, 0, 16, 16], "texture": "#6"},
				"up": {"uv": [0, 0, 16, 16], "texture": "#6"},
				"down": {"uv": [0, 0, 16, 16], "texture": "#6"}
			}
		},
		{
			"name": "Kopf Seite Addon Unten",
			"from": [6, 14.9, 9.5],
			"to": [6.5, 15.3, 10],
			"rotation": {"angle": 0, "axis": "y", "origin": [8.5, 8.5, 8.5]},
			"faces": {
				"north": {"uv": [0, 0, 16, 16], "texture": "#6"},
				"east": {"uv": [0, 0, 16, 16], "texture": "#6"},
				"south": {"uv": [0, 0, 16, 16], "texture": "#6"},
				"west": {"uv": [0, 0, 16, 16], "texture": "#6"},
				"up": {"uv": [0, 0, 16, 16], "texture": "#6"},
				"down": {"uv": [0, 0, 16, 16], "texture": "#6"}
			}
		},
		{
			"name": "Kopf Seite Addon Oben",
			"from": [9.5, 18.6, 9.5],
			"to": [10, 19.1, 10],
			"rotation": {"angle": 0, "axis": "y", "origin": [7.5, 7.5, 8.5]},
			"faces": {
				"north": {"uv": [0, 0, 16, 16], "texture": "#6"},
				"east": {"uv": [0, 0, 16, 16], "texture": "#6"},
				"south": {"uv": [0, 0, 16, 16], "texture": "#6"},
				"west": {"uv": [0, 0, 16, 16], "texture": "#6"},
				"up": {"uv": [0, 0, 16, 16], "texture": "#6"},
				"down": {"uv": [0, 0, 16, 16], "texture": "#6"}
			}
		},
		{
			"name": "Kopf Seite Addon Oben",
			"from": [9.5, 18.6, 6],
			"to": [10, 19.1, 6.5],
			"rotation": {"angle": 0, "axis": "y", "origin": [7.5, 7.5, 7.5]},
			"faces": {
				"north": {"uv": [0, 0, 16, 16], "texture": "#6"},
				"east": {"uv": [0, 0, 16, 16], "texture": "#6"},
				"south": {"uv": [0, 0, 16, 16], "texture": "#6"},
				"west": {"uv": [0, 0, 16, 16], "texture": "#6"},
				"up": {"uv": [0, 0, 16, 16], "texture": "#6"},
				"down": {"uv": [0, 0, 16, 16], "texture": "#6"}
			}
		},
		{
			"name": "Kopf Seite Addon Oben",
			"from": [6, 18.6, 6],
			"to": [6.5, 19.1, 6.5],
			"rotation": {"angle": 0, "axis": "y", "origin": [8.5, 7.5, 7.5]},
			"faces": {
				"north": {"uv": [0, 0, 16, 16], "texture": "#6"},
				"east": {"uv": [0, 0, 16, 16], "texture": "#6"},
				"south": {"uv": [0, 0, 16, 16], "texture": "#6"},
				"west": {"uv": [0, 0, 16, 16], "texture": "#6"},
				"up": {"uv": [0, 0, 16, 16], "texture": "#6"},
				"down": {"uv": [0, 0, 16, 16], "texture": "#6"}
			}
		},
		{
			"name": "Kopf Seite Addon Oben",
			"from": [6, 18.6, 9.5],
			"to": [6.5, 19.1, 10],
			"rotation": {"angle": 0, "axis": "y", "origin": [8.5, 7.5, 8.5]},
			"faces": {
				"north": {"uv": [0, 0, 16, 16], "texture": "#6"},
				"east": {"uv": [0, 0, 16, 16], "texture": "#6"},
				"south": {"uv": [0, 0, 16, 16], "texture": "#6"},
				"west": {"uv": [0, 0, 16, 16], "texture": "#6"},
				"up": {"uv": [0, 0, 16, 16], "texture": "#6"},
				"down": {"uv": [0, 0, 16, 16], "texture": "#6"}
			}
		}
	],
	"display": {
		"thirdperson_righthand": {
			"rotation": [0, 90, 0]
		},
		"thirdperson_lefthand": {
			"rotation": [0, 90, 0]
		},
		"firstperson_righthand": {
			"rotation": [0, 90, 10]
		},
		"firstperson_lefthand": {
			"rotation": [0, 90, 10]
		},
		"ground": {
			"rotation": [10, 0, 0],
			"translation": [0, 3, 0],
			"scale": [1, 0.7, 1]
		},
		"gui": {
			"rotation": [0, 19, -11],
			"translation": [-0.25, -2.75, 0],
			"scale": [1, 0.84, 1]
		},
		"fixed": {
			"translation": [0, -3.5, -2.5]
		}
	},
	"groups": [
		{
			"name": "Pickaxe Griff",
			"origin": [0, 0, 0],
			"children": [0, 1, 2]
		},
		{
			"name": "Pickaxe Kopf",
			"origin": [8, 8, 8],
			"children": [3, 4, 5, 6, 7, 8, 9, 10, 11, 12, 13, 14, 15, 16, 17, 18, 19, 20, 21, 22, 23, 24, 25, 26, 27, 28, 29, 30, 31, 32, 33, 34, 35, 36, 37, 38, 39, 40, 41, 42, 43, 44, 45, 46, 47, 48, 49, 50, 51, 52, 53, 54, 55]
		},
		{
			"name": "Pickaxe Kopf Seite",
			"origin": [8, 8, 8],
			"children": [56, 57, 58, 59, 60, 61, 62, 63, 64, 65, 66, 67, 68, 69, 70, 71, 72, 73, 74, 75]
		}
	]
}