{
	"credit": "Made with Blockbench",
	"textures": {
		"0": "./rarekey",
		"particle": "./rarekey"
	},
	"elements": [
		{
			"name": "Oben",
			"from": [8.5, 7.6, 7.4],
			"to": [9.2, 7.9, 8.1],
			"rotation": {"angle": -22.5, "axis": "x", "origin": [7.5, 8.5, 8.5]},
			"faces": {
				"north": {"uv": [15, 2, 15.75, 2.25], "texture": "#0"},
				"east": {"uv": [3, 15, 3.75, 15.25], "texture": "#0"},
				"south": {"uv": [15, 3, 15.75, 3.25], "texture": "#0"},
				"west": {"uv": [4, 15, 4.75, 15.25], "texture": "#0"},
				"up": {"uv": [11.75, 1.75, 11, 1], "texture": "#0"},
				"down": {"uv": [2.75, 11, 2, 11.75], "texture": "#0"}
			}
		},
		{
			"name": "Seite",
			"from": [8.5, 7.219, 7.025],
			"to": [9.2, 8.999, 7.325],
			"rotation": {"angle": -22.5, "axis": "x", "origin": [7.5, 8.5, 7.5]},
			"faces": {
				"north": {"uv": [6, 8, 6.75, 9.75], "texture": "#0"},
				"east": {"uv": [11, 11, 11.25, 12.75], "texture": "#0"},
				"south": {"uv": [7, 8, 7.75, 9.75], "texture": "#0"},
				"west": {"uv": [0, 12, 0.25, 13.75], "texture": "#0"},
				"up": {"uv": [15.75, 4.25, 15, 4], "texture": "#0"},
				"down": {"uv": [5.75, 15, 5, 15.25], "texture": "#0"}
			}
		},
		{
			"name": "Seite",
			"from": [8.5, 7.6, 8.1],
			"to": [9.2, 9.1, 8.4],
			"rotation": {"angle": -22.5, "axis": "x", "origin": [7.5, 8.5, 8.5]},
			"faces": {
				"north": {"uv": [4, 9, 4.75, 10.5], "texture": "#0"},
				"east": {"uv": [12, 11, 12.25, 12.5], "texture": "#0"},
				"south": {"uv": [9, 4, 9.75, 5.5], "texture": "#0"},
				"west": {"uv": [13, 0, 13.25, 1.5], "texture": "#0"},
				"up": {"uv": [15.75, 5.25, 15, 5], "texture": "#0"},
				"down": {"uv": [6.75, 15, 6, 15.25], "texture": "#0"}
			}
		},
		{
			"name": "Unten",
			"from": [8.5, 9.08, 7.4],
			"to": [9.2, 9.38, 8.4],
			"rotation": {"angle": -22.5, "axis": "x", "origin": [7.5, 8.5, 8.5]},
			"faces": {
				"north": {"uv": [15, 6, 15.75, 6.25], "texture": "#0"},
				"east": {"uv": [2, 14, 3, 14.25], "texture": "#0"},
				"south": {"uv": [7, 15, 7.75, 15.25], "texture": "#0"},
				"west": {"uv": [14, 2, 15, 2.25], "texture": "#0"},
				"up": {"uv": [10.75, 11, 10, 10], "texture": "#0"},
				"down": {"uv": [0.75, 11, 0, 12], "texture": "#0"}
			}
		},
		{
			"name": "Ecke",
			"from": [8.47, 9.05, 7.07],
			"to": [9.23, 9.41, 7.43],
			"rotation": {"angle": -22.5, "axis": "x", "origin": [7.5, 8.5, 8.5]},
			"faces": {
				"north": {"uv": [15, 6, 15.75, 6.25], "texture": "#0"},
				"east": {"uv": [2, 14, 3, 14.25], "texture": "#0"},
				"south": {"uv": [7, 15, 7.75, 15.25], "texture": "#0"},
				"west": {"uv": [14, 2, 15, 2.25], "texture": "#0"},
				"up": {"uv": [10.75, 11, 10, 10], "texture": "#0"},
				"down": {"uv": [0.75, 11, 0, 12], "texture": "#0"}
			}
		},
		{
			"name": "Ecke",
			"from": [8.47, 7.57, 8.07],
			"to": [9.23, 7.93, 8.43],
			"rotation": {"angle": -22.5, "axis": "x", "origin": [7.5, 8.5, 8.5]},
			"faces": {
				"north": {"uv": [15, 6, 15.75, 6.25], "texture": "#0"},
				"east": {"uv": [2, 14, 3, 14.25], "texture": "#0"},
				"south": {"uv": [7, 15, 7.75, 15.25], "texture": "#0"},
				"west": {"uv": [14, 2, 15, 2.25], "texture": "#0"},
				"up": {"uv": [10.75, 11, 10, 10], "texture": "#0"},
				"down": {"uv": [0.75, 11, 0, 12], "texture": "#0"}
			}
		},
		{
			"name": "Ecke",
			"from": [8.47, 9.05, 8.07],
			"to": [9.23, 9.41, 8.43],
			"rotation": {"angle": -22.5, "axis": "x", "origin": [7.5, 8.5, 8.5]},
			"faces": {
				"north": {"uv": [15, 6, 15.75, 6.25], "texture": "#0"},
				"east": {"uv": [2, 14, 3, 14.25], "texture": "#0"},
				"south": {"uv": [7, 15, 7.75, 15.25], "texture": "#0"},
				"west": {"uv": [14, 2, 15, 2.25], "texture": "#0"},
				"up": {"uv": [10.75, 11, 10, 10], "texture": "#0"},
				"down": {"uv": [0.75, 11, 0, 12], "texture": "#0"}
			}
		},
		{
			"name": "Ecke",
			"from": [8.47, 7.57, 7.07],
			"to": [9.23, 7.93, 7.43],
			"rotation": {"angle": -22.5, "axis": "x", "origin": [7.5, 8.5, 8.5]},
			"faces": {
				"north": {"uv": [15, 6, 15.75, 6.25], "texture": "#0"},
				"east": {"uv": [2, 14, 3, 14.25], "texture": "#0"},
				"south": {"uv": [7, 15, 7.75, 15.25], "texture": "#0"},
				"west": {"uv": [14, 2, 15, 2.25], "texture": "#0"},
				"up": {"uv": [10.75, 11, 10, 10], "texture": "#0"},
				"down": {"uv": [0.75, 11, 0, 12], "texture": "#0"}
			}
		},
		{
			"name": "Stab",
			"from": [8.6, 4.6, 7.4],
			"to": [9.1, 7.6, 8.1],
			"rotation": {"angle": -22.5, "axis": "x", "origin": [7.5, 8.5, 8.5]},
			"faces": {
				"north": {"uv": [7, 5, 7.5, 8], "texture": "#0"},
				"east": {"uv": [2, 6, 2.75, 9], "texture": "#0"},
				"south": {"uv": [8, 2, 8.5, 5], "texture": "#0"},
				"west": {"uv": [6, 2, 6.75, 5], "texture": "#0"},
				"up": {"uv": [2.5, 13.75, 2, 13], "texture": "#0"},
				"down": {"uv": [13.5, 2, 13, 2.75], "texture": "#0"}
			}
		},
		{
			"name": "Stab Oben",
			"from": [8.55, 7.45, 7.35],
			"to": [9.15, 7.75, 8.15],
			"rotation": {"angle": -22.5, "axis": "x", "origin": [7.5, 8.5, 8.5]},
			"faces": {
				"north": {"uv": [15, 13, 15.5, 13.25], "texture": "#0"},
				"east": {"uv": [15, 7, 15.75, 7.25], "texture": "#0"},
				"south": {"uv": [14, 15, 14.5, 15.25], "texture": "#0"},
				"west": {"uv": [8, 15, 8.75, 15.25], "texture": "#0"},
				"up": {"uv": [3.5, 13.75, 3, 13], "texture": "#0"},
				"down": {"uv": [13.5, 3, 13, 3.75], "texture": "#0"}
			}
		},
		{
			"name": "Stab Unten",
			"from": [8.55, 5.6, 7.35],
			"to": [9.15, 5.8, 8.15],
			"rotation": {"angle": -22.5, "axis": "x", "origin": [7.5, 8.5, 8.5]},
			"faces": {
				"north": {"uv": [15, 14, 15.5, 14.25], "texture": "#0"},
				"east": {"uv": [15, 8, 15.75, 8.25], "texture": "#0"},
				"south": {"uv": [15, 15, 15.5, 15.25], "texture": "#0"},
				"west": {"uv": [9, 15, 9.75, 15.25], "texture": "#0"},
				"up": {"uv": [4.5, 13.75, 4, 13], "texture": "#0"},
				"down": {"uv": [13.5, 4, 13, 4.75], "texture": "#0"}
			}
		},
		{
			"name": "Schlüssel",
			"from": [8.6, 4.6, 8.1],
			"to": [9.1, 5.6, 8.6],
			"rotation": {"angle": -22.5, "axis": "x", "origin": [7.5, 8.5, 8.5]},
			"faces": {
				"north": {"uv": [11, 7, 11.5, 8], "texture": "#0"},
				"east": {"uv": [8, 11, 8.5, 12], "texture": "#0"},
				"south": {"uv": [11, 8, 11.5, 9], "texture": "#0"},
				"west": {"uv": [9, 11, 9.5, 12], "texture": "#0"},
				"up": {"uv": [3.5, 14.5, 3, 14], "texture": "#0"},
				"down": {"uv": [14.5, 3, 14, 3.5], "texture": "#0"}
			}
		},
		{
			"name": "Schlüssel",
			"from": [8.6, 5.1, 8.6],
			"to": [9.1, 5.4, 8.9],
			"rotation": {"angle": -22.5, "axis": "x", "origin": [7.5, 8.5, 8.5]},
			"faces": {
				"north": {"uv": [11, 7, 11.5, 8], "texture": "#0"},
				"east": {"uv": [8, 11, 8.5, 12], "texture": "#0"},
				"south": {"uv": [11, 8, 11.5, 9], "texture": "#0"},
				"west": {"uv": [9, 11, 9.5, 12], "texture": "#0"},
				"up": {"uv": [3.5, 14.5, 3, 14], "texture": "#0"},
				"down": {"uv": [14.5, 3, 14, 3.5], "texture": "#0"}
			}
		},
		{
			"name": "Schlüssel",
			"from": [8.6, 4.6, 8.6],
			"to": [9.1, 4.9, 8.9],
			"rotation": {"angle": -22.5, "axis": "x", "origin": [7.5, 8.5, 8.5]},
			"faces": {
				"north": {"uv": [11, 7, 11.5, 8], "texture": "#0"},
				"east": {"uv": [8, 11, 8.5, 12], "texture": "#0"},
				"south": {"uv": [11, 8, 11.5, 9], "texture": "#0"},
				"west": {"uv": [9, 11, 9.5, 12], "texture": "#0"},
				"up": {"uv": [3.5, 14.5, 3, 14], "texture": "#0"},
				"down": {"uv": [14.5, 3, 14, 3.5], "texture": "#0"}
			}
		}
	],
	"display": {
		"thirdperson_righthand": {
			"rotation": [19, -180, 0],
			"translation": [1, 1, 0.75]
		},
		"thirdperson_lefthand": {
			"rotation": [19, -180, 0],
			"translation": [-0.75, 1, 0.75]
		},
		"firstperson_righthand": {
			"rotation": [0, -180, 0],
			"translation": [2.25, 2.75, 1.5]
		},
		"firstperson_lefthand": {
			"rotation": [0, -180, 0],
			"translation": [2.25, 2.75, 1.5]
		},
		"gui": {
			"rotation": [0, 70, 0],
			"translation": [-1.75, 3.25, 0],
			"scale": [3, 3, 3]
		},
		"fixed": {
			"rotation": [0, 90, 0],
			"translation": [-1.25, 3.5, 1],
			"scale": [3, 3, 3]
		}
	},
	"groups": [
		{
			"name": "SchlsselMine",
			"origin": [8, 8, 8],
			"children": [0, 1, 2, 3, 4, 5, 6, 7, 8, 9, 10, 11, 12, 13]
		}
	]
}