{
	"credit": "Made with Blockbench",
	"parent": "Wicked Prison",
	"textures": {
		"1": "./keyvault"
	},
	"elements": [
		{
			"name": "Oben",
			"from": [5.7, 10.5, 7.75],
			"to": [10.3, 11, 8.25],
			"rotation": {"angle": 0, "axis": "y", "origin": [7.5, 7.5, 7.5]},
			"faces": {
				"north": {"uv": [0, 0, 4.5, 0.5], "texture": "#1"},
				"east": {"uv": [13, 5, 13.5, 5.5], "texture": "#1"},
				"south": {"uv": [0, 1, 4.5, 1.5], "texture": "#1"},
				"west": {"uv": [13, 6, 13.5, 6.5], "texture": "#1"},
				"up": {"uv": [4.5, 2.5, 0, 2], "texture": "#1"},
				"down": {"uv": [4.5, 3, 0, 3.5], "texture": "#1"}
			}
		},
		{
			"name": "Unten",
			"from": [5.7, 8, 7.75],
			"to": [10.3, 8.5, 8.25],
			"rotation": {"angle": 0, "axis": "y", "origin": [7.5, 7.5, 7.5]},
			"faces": {
				"north": {"uv": [0, 4, 4.5, 4.5], "texture": "#1"},
				"east": {"uv": [13, 7, 13.5, 7.5], "texture": "#1"},
				"south": {"uv": [0, 5, 4.5, 5.5], "texture": "#1"},
				"west": {"uv": [8, 13, 8.5, 13.5], "texture": "#1"},
				"up": {"uv": [9.5, 0.5, 5, 0], "texture": "#1"},
				"down": {"uv": [9.5, 1, 5, 1.5], "texture": "#1"}
			}
		},
		{
			"name": "Seite",
			"from": [9.9, 8.5, 7.75],
			"to": [10.3, 10.5, 8.25],
			"rotation": {"angle": 0, "axis": "y", "origin": [7.5, 7.5, 7.5]},
			"faces": {
				"north": {"uv": [9, 6, 9.5, 8], "texture": "#1"},
				"east": {"uv": [8, 9, 8.5, 11], "texture": "#1"},
				"south": {"uv": [9, 8, 9.5, 10], "texture": "#1"},
				"west": {"uv": [10, 0, 10.5, 2], "texture": "#1"},
				"up": {"uv": [13.5, 8.5, 13, 8], "texture": "#1"},
				"down": {"uv": [9.5, 13, 9, 13.5], "texture": "#1"}
			}
		},
		{
			"name": "Seite",
			"from": [5.7, 8.5, 7.75],
			"to": [6.1, 10.5, 8.25],
			"rotation": {"angle": 0, "axis": "y", "origin": [7.5, 7.5, 7.5]},
			"faces": {
				"north": {"uv": [10, 2, 10.5, 4], "texture": "#1"},
				"east": {"uv": [10, 4, 10.5, 6], "texture": "#1"},
				"south": {"uv": [5, 10, 5.5, 12], "texture": "#1"},
				"west": {"uv": [6, 10, 6.5, 12], "texture": "#1"},
				"up": {"uv": [13.5, 9.5, 13, 9], "texture": "#1"},
				"down": {"uv": [10.5, 13, 10, 13.5], "texture": "#1"}
			}
		},
		{
			"name": "Seite",
			"from": [6.5, 7.5, 7.025],
			"to": [7.2, 9, 7.325],
			"rotation": {"angle": 22.5, "axis": "x", "origin": [7.5, 7.5, 7.5]},
			"faces": {
				"north": {"uv": [8, 7, 8.75, 8.5], "texture": "#1"},
				"east": {"uv": [12, 0, 12.25, 1.5], "texture": "#1"},
				"south": {"uv": [0, 9, 0.75, 10.5], "texture": "#1"},
				"west": {"uv": [1, 12, 1.25, 13.5], "texture": "#1"},
				"up": {"uv": [4.75, 14.25, 4, 14], "texture": "#1"},
				"down": {"uv": [14.75, 4, 14, 4.25], "texture": "#1"}
			}
		},
		{
			"name": "Seite",
			"from": [6.5, 7.12, 8.1],
			"to": [7.2, 8.897, 8.4],
			"rotation": {"angle": 22.5, "axis": "x", "origin": [7.5, 7.5, 8.5]},
			"faces": {
				"north": {"uv": [5, 8, 5.75, 9.75], "texture": "#1"},
				"east": {"uv": [11, 9, 11.25, 10.75], "texture": "#1"},
				"south": {"uv": [8, 5, 8.75, 6.75], "texture": "#1"},
				"west": {"uv": [10, 11, 10.25, 12.75], "texture": "#1"},
				"up": {"uv": [5.75, 14.25, 5, 14], "texture": "#1"},
				"down": {"uv": [14.75, 5, 14, 5.25], "texture": "#1"}
			}
		},
		{
			"name": "Oben",
			"from": [6.5, 8.6, 7.1],
			"to": [7.2, 8.9, 8.1],
			"rotation": {"angle": 22.5, "axis": "x", "origin": [7.5, 7.5, 8.5]},
			"faces": {
				"north": {"uv": [6, 14, 6.75, 14.25], "texture": "#1"},
				"east": {"uv": [13, 10, 14, 10.25], "texture": "#1"},
				"south": {"uv": [14, 6, 14.75, 6.25], "texture": "#1"},
				"west": {"uv": [11, 13, 12, 13.25], "texture": "#1"},
				"up": {"uv": [10.75, 7, 10, 6], "texture": "#1"},
				"down": {"uv": [7.75, 10, 7, 11], "texture": "#1"}
			}
		},
		{
			"name": "Unten",
			"from": [6.5, 7.12, 7.4],
			"to": [7.2, 7.42, 8.1],
			"rotation": {"angle": 22.5, "axis": "x", "origin": [7.5, 7.5, 8.5]},
			"faces": {
				"north": {"uv": [7, 14, 7.75, 14.25], "texture": "#1"},
				"east": {"uv": [14, 7, 14.75, 7.25], "texture": "#1"},
				"south": {"uv": [8, 14, 8.75, 14.25], "texture": "#1"},
				"west": {"uv": [14, 8, 14.75, 8.25], "texture": "#1"},
				"up": {"uv": [11.75, 0.75, 11, 0], "texture": "#1"},
				"down": {"uv": [1.75, 11, 1, 11.75], "texture": "#1"}
			}
		},
		{
			"name": "Ecke",
			"from": [6.47, 8.57, 7.07],
			"to": [7.23, 8.93, 7.43],
			"rotation": {"angle": 22.5, "axis": "x", "origin": [7.5, 7.5, 8.5]},
			"faces": {
				"north": {"uv": [6, 14, 6.75, 14.25], "texture": "#1"},
				"east": {"uv": [13, 10, 14, 10.25], "texture": "#1"},
				"south": {"uv": [14, 6, 14.75, 6.25], "texture": "#1"},
				"west": {"uv": [11, 13, 12, 13.25], "texture": "#1"},
				"up": {"uv": [10.75, 7, 10, 6], "texture": "#1"},
				"down": {"uv": [7.75, 10, 7, 11], "texture": "#1"}
			}
		},
		{
			"name": "Ecke",
			"from": [6.47, 8.57, 8.07],
			"to": [7.23, 8.93, 8.43],
			"rotation": {"angle": 22.5, "axis": "x", "origin": [7.5, 7.5, 8.5]},
			"faces": {
				"north": {"uv": [6, 14, 6.75, 14.25], "texture": "#1"},
				"east": {"uv": [13, 10, 14, 10.25], "texture": "#1"},
				"south": {"uv": [14, 6, 14.75, 6.25], "texture": "#1"},
				"west": {"uv": [11, 13, 12, 13.25], "texture": "#1"},
				"up": {"uv": [10.75, 7, 10, 6], "texture": "#1"},
				"down": {"uv": [7.75, 10, 7, 11], "texture": "#1"}
			}
		},
		{
			"name": "Ecke",
			"from": [6.47, 7.09, 8.07],
			"to": [7.23, 7.45, 8.43],
			"rotation": {"angle": 22.5, "axis": "x", "origin": [7.5, 7.5, 8.5]},
			"faces": {
				"north": {"uv": [6, 14, 6.75, 14.25], "texture": "#1"},
				"east": {"uv": [13, 10, 14, 10.25], "texture": "#1"},
				"south": {"uv": [14, 6, 14.75, 6.25], "texture": "#1"},
				"west": {"uv": [11, 13, 12, 13.25], "texture": "#1"},
				"up": {"uv": [10.75, 7, 10, 6], "texture": "#1"},
				"down": {"uv": [7.75, 10, 7, 11], "texture": "#1"}
			}
		},
		{
			"name": "Ecke",
			"from": [6.47, 7.09, 7.07],
			"to": [7.23, 7.45, 7.43],
			"rotation": {"angle": 22.5, "axis": "x", "origin": [7.5, 7.5, 8.5]},
			"faces": {
				"north": {"uv": [6, 14, 6.75, 14.25], "texture": "#1"},
				"east": {"uv": [13, 10, 14, 10.25], "texture": "#1"},
				"south": {"uv": [14, 6, 14.75, 6.25], "texture": "#1"},
				"west": {"uv": [11, 13, 12, 13.25], "texture": "#1"},
				"up": {"uv": [10.75, 7, 10, 6], "texture": "#1"},
				"down": {"uv": [7.75, 10, 7, 11], "texture": "#1"}
			}
		},
		{
			"name": "Stab",
			"from": [6.6, 4.12, 7.4],
			"to": [7.1, 7.12, 8.1],
			"rotation": {"angle": 22.5, "axis": "x", "origin": [7.5, 7.5, 8.5]},
			"faces": {
				"north": {"uv": [3, 6, 3.5, 9], "texture": "#1"},
				"east": {"uv": [5, 2, 5.75, 5], "texture": "#1"},
				"south": {"uv": [4, 6, 4.5, 9], "texture": "#1"},
				"west": {"uv": [5, 5, 5.75, 8], "texture": "#1"},
				"up": {"uv": [2.5, 12.75, 2, 12], "texture": "#1"},
				"down": {"uv": [12.5, 2, 12, 2.75], "texture": "#1"}
			}
		},
		{
			"name": "Stab Oben",
			"from": [6.55, 6.95, 7.35],
			"to": [7.15, 7.15, 8.15],
			"rotation": {"angle": 22.5, "axis": "x", "origin": [7.5, 7.5, 8.5]},
			"faces": {
				"north": {"uv": [15, 9, 15.5, 9.25], "texture": "#1"},
				"east": {"uv": [9, 14, 9.75, 14.25], "texture": "#1"},
				"south": {"uv": [10, 15, 10.5, 15.25], "texture": "#1"},
				"west": {"uv": [14, 9, 14.75, 9.25], "texture": "#1"},
				"up": {"uv": [3.5, 12.75, 3, 12], "texture": "#1"},
				"down": {"uv": [12.5, 3, 12, 3.75], "texture": "#1"}
			}
		},
		{
			"name": "Stab Unten",
			"from": [6.55, 5.13, 7.35],
			"to": [7.15, 5.33, 8.15],
			"rotation": {"angle": 22.5, "axis": "x", "origin": [7.5, 7.5, 8.5]},
			"faces": {
				"north": {"uv": [15, 10, 15.5, 10.25], "texture": "#1"},
				"east": {"uv": [10, 14, 10.75, 14.25], "texture": "#1"},
				"south": {"uv": [11, 15, 11.5, 15.25], "texture": "#1"},
				"west": {"uv": [14, 10, 14.75, 10.25], "texture": "#1"},
				"up": {"uv": [4.5, 12.75, 4, 12], "texture": "#1"},
				"down": {"uv": [12.5, 4, 12, 4.75], "texture": "#1"}
			}
		},
		{
			"name": "Schlüssel",
			"from": [6.6, 4.12, 8.1],
			"to": [7.1, 5.12, 8.6],
			"rotation": {"angle": 22.5, "axis": "x", "origin": [7.5, 7.5, 8.5]},
			"faces": {
				"north": {"uv": [11, 2, 11.5, 3], "texture": "#1"},
				"east": {"uv": [3, 11, 3.5, 12], "texture": "#1"},
				"south": {"uv": [11, 3, 11.5, 4], "texture": "#1"},
				"west": {"uv": [4, 11, 4.5, 12], "texture": "#1"},
				"up": {"uv": [13.5, 11.5, 13, 11], "texture": "#1"},
				"down": {"uv": [12.5, 13, 12, 13.5], "texture": "#1"}
			}
		},
		{
			"name": "Schlüssel",
			"from": [6.6, 4.12, 8.6],
			"to": [7.1, 4.42, 8.9],
			"rotation": {"angle": 22.5, "axis": "x", "origin": [7.5, 7.5, 8.5]},
			"faces": {
				"north": {"uv": [11, 2, 11.5, 3], "texture": "#1"},
				"east": {"uv": [3, 11, 3.5, 12], "texture": "#1"},
				"south": {"uv": [11, 3, 11.5, 4], "texture": "#1"},
				"west": {"uv": [4, 11, 4.5, 12], "texture": "#1"},
				"up": {"uv": [13.5, 11.5, 13, 11], "texture": "#1"},
				"down": {"uv": [12.5, 13, 12, 13.5], "texture": "#1"}
			}
		},
		{
			"name": "Schlüssel",
			"from": [6.6, 4.6, 8.6],
			"to": [7.1, 4.9, 8.9],
			"rotation": {"angle": 22.5, "axis": "x", "origin": [7.5, 7.5, 8.5]},
			"faces": {
				"north": {"uv": [11, 2, 11.5, 3], "texture": "#1"},
				"east": {"uv": [3, 11, 3.5, 12], "texture": "#1"},
				"south": {"uv": [11, 3, 11.5, 4], "texture": "#1"},
				"west": {"uv": [4, 11, 4.5, 12], "texture": "#1"},
				"up": {"uv": [13.5, 11.5, 13, 11], "texture": "#1"},
				"down": {"uv": [12.5, 13, 12, 13.5], "texture": "#1"}
			}
		},
		{
			"name": "Oben",
			"from": [7.5, 8.7, 7.55],
			"to": [8.2, 9, 8.45],
			"rotation": {"angle": 0, "axis": "y", "origin": [7.5, 7.5, 8.5]},
			"faces": {
				"north": {"uv": [11, 14, 11.75, 14.25], "texture": "#1"},
				"east": {"uv": [13, 12, 14, 12.25], "texture": "#1"},
				"south": {"uv": [14, 11, 14.75, 11.25], "texture": "#1"},
				"west": {"uv": [13, 13, 14, 13.25], "texture": "#1"},
				"up": {"uv": [10.75, 8, 10, 7], "texture": "#1"},
				"down": {"uv": [10.75, 8, 10, 9], "texture": "#1"}
			}
		},
		{
			"name": "Seite",
			"from": [7.5, 7.5, 8.45],
			"to": [8.2, 9, 8.75],
			"rotation": {"angle": 0, "axis": "y", "origin": [7.5, 7.5, 8.5]},
			"faces": {
				"north": {"uv": [1, 9, 1.75, 10.5], "texture": "#1"},
				"east": {"uv": [5, 12, 5.25, 13.5], "texture": "#1"},
				"south": {"uv": [2, 9, 2.75, 10.5], "texture": "#1"},
				"west": {"uv": [12, 5, 12.25, 6.5], "texture": "#1"},
				"up": {"uv": [12.75, 14.25, 12, 14], "texture": "#1"},
				"down": {"uv": [14.75, 12, 14, 12.25], "texture": "#1"}
			}
		},
		{
			"name": "Seite",
			"from": [7.5, 7.5, 7.25],
			"to": [8.2, 9, 7.55],
			"rotation": {"angle": 0, "axis": "y", "origin": [7.5, 7.5, 7.5]},
			"faces": {
				"north": {"uv": [9, 2, 9.75, 3.5], "texture": "#1"},
				"east": {"uv": [6, 12, 6.25, 13.5], "texture": "#1"},
				"south": {"uv": [3, 9, 3.75, 10.5], "texture": "#1"},
				"west": {"uv": [7, 12, 7.25, 13.5], "texture": "#1"},
				"up": {"uv": [13.75, 14.25, 13, 14], "texture": "#1"},
				"down": {"uv": [14.75, 13, 14, 13.25], "texture": "#1"}
			}
		},
		{
			"name": "Unten",
			"from": [7.5, 7.5, 7.55],
			"to": [8.2, 7.8, 8.45],
			"rotation": {"angle": 0, "axis": "y", "origin": [7.5, 7.5, 8.5]},
			"faces": {
				"north": {"uv": [14, 14, 14.75, 14.25], "texture": "#1"},
				"east": {"uv": [0, 14, 1, 14.25], "texture": "#1"},
				"south": {"uv": [0, 15, 0.75, 15.25], "texture": "#1"},
				"west": {"uv": [14, 0, 15, 0.25], "texture": "#1"},
				"up": {"uv": [9.75, 11, 9, 10], "texture": "#1"},
				"down": {"uv": [10.75, 9, 10, 10], "texture": "#1"}
			}
		},
		{
			"name": "Ecke",
			"from": [7.47, 8.67, 8.42],
			"to": [8.23, 9.03, 8.78],
			"rotation": {"angle": 0, "axis": "y", "origin": [7.5, 7.5, 8.5]},
			"faces": {
				"north": {"uv": [11, 14, 11.75, 14.25], "texture": "#1"},
				"east": {"uv": [13, 12, 14, 12.25], "texture": "#1"},
				"south": {"uv": [14, 11, 14.75, 11.25], "texture": "#1"},
				"west": {"uv": [13, 13, 14, 13.25], "texture": "#1"},
				"up": {"uv": [10.75, 8, 10, 7], "texture": "#1"},
				"down": {"uv": [10.75, 8, 10, 9], "texture": "#1"}
			}
		},
		{
			"name": "Ecke",
			"from": [7.47, 7.47, 7.22],
			"to": [8.23, 7.83, 7.58],
			"rotation": {"angle": 0, "axis": "y", "origin": [7.5, 7.5, 8.5]},
			"faces": {
				"north": {"uv": [11, 14, 11.75, 14.25], "texture": "#1"},
				"east": {"uv": [13, 12, 14, 12.25], "texture": "#1"},
				"south": {"uv": [14, 11, 14.75, 11.25], "texture": "#1"},
				"west": {"uv": [13, 13, 14, 13.25], "texture": "#1"},
				"up": {"uv": [10.75, 8, 10, 7], "texture": "#1"},
				"down": {"uv": [10.75, 8, 10, 9], "texture": "#1"}
			}
		},
		{
			"name": "Ecke",
			"from": [7.47, 7.47, 8.42],
			"to": [8.23, 7.83, 8.78],
			"rotation": {"angle": 0, "axis": "y", "origin": [7.5, 7.5, 8.5]},
			"faces": {
				"north": {"uv": [11, 14, 11.75, 14.25], "texture": "#1"},
				"east": {"uv": [13, 12, 14, 12.25], "texture": "#1"},
				"south": {"uv": [14, 11, 14.75, 11.25], "texture": "#1"},
				"west": {"uv": [13, 13, 14, 13.25], "texture": "#1"},
				"up": {"uv": [10.75, 8, 10, 7], "texture": "#1"},
				"down": {"uv": [10.75, 8, 10, 9], "texture": "#1"}
			}
		},
		{
			"name": "Ecke",
			"from": [7.47, 8.67, 7.22],
			"to": [8.23, 9.03, 7.58],
			"rotation": {"angle": 0, "axis": "y", "origin": [7.5, 7.5, 8.5]},
			"faces": {
				"north": {"uv": [11, 14, 11.75, 14.25], "texture": "#1"},
				"east": {"uv": [13, 12, 14, 12.25], "texture": "#1"},
				"south": {"uv": [14, 11, 14.75, 11.25], "texture": "#1"},
				"west": {"uv": [13, 13, 14, 13.25], "texture": "#1"},
				"up": {"uv": [10.75, 8, 10, 7], "texture": "#1"},
				"down": {"uv": [10.75, 8, 10, 9], "texture": "#1"}
			}
		},
		{
			"name": "Stab",
			"from": [7.6, 4.5, 7.65],
			"to": [8.1, 7.5, 8.35],
			"rotation": {"angle": 0, "axis": "y", "origin": [7.5, 7.5, 8.5]},
			"faces": {
				"north": {"uv": [6, 5, 6.5, 8], "texture": "#1"},
				"east": {"uv": [0, 6, 0.75, 9], "texture": "#1"},
				"south": {"uv": [7, 2, 7.5, 5], "texture": "#1"},
				"west": {"uv": [1, 6, 1.75, 9], "texture": "#1"},
				"up": {"uv": [12.5, 7.75, 12, 7], "texture": "#1"},
				"down": {"uv": [8.5, 12, 8, 12.75], "texture": "#1"}
			}
		},
		{
			"name": "Stab Oben",
			"from": [7.55, 7.35, 7.6],
			"to": [8.15, 7.55, 8.4],
			"rotation": {"angle": 0, "axis": "y", "origin": [7.5, 7.5, 8.5]},
			"faces": {
				"north": {"uv": [15, 11, 15.5, 11.25], "texture": "#1"},
				"east": {"uv": [15, 0, 15.75, 0.25], "texture": "#1"},
				"south": {"uv": [12, 15, 12.5, 15.25], "texture": "#1"},
				"west": {"uv": [1, 15, 1.75, 15.25], "texture": "#1"},
				"up": {"uv": [12.5, 8.75, 12, 8], "texture": "#1"},
				"down": {"uv": [9.5, 12, 9, 12.75], "texture": "#1"}
			}
		},
		{
			"name": "Stab Unten",
			"from": [7.55, 5.51, 7.6],
			"to": [8.15, 5.71, 8.4],
			"rotation": {"angle": 0, "axis": "y", "origin": [7.5, 7.5, 8.5]},
			"faces": {
				"north": {"uv": [15, 12, 15.5, 12.25], "texture": "#1"},
				"east": {"uv": [15, 1, 15.75, 1.25], "texture": "#1"},
				"south": {"uv": [13, 15, 13.5, 15.25], "texture": "#1"},
				"west": {"uv": [2, 15, 2.75, 15.25], "texture": "#1"},
				"up": {"uv": [12.5, 9.75, 12, 9], "texture": "#1"},
				"down": {"uv": [12.5, 10, 12, 10.75], "texture": "#1"}
			}
		},
		{
			"name": "Schlüssel",
			"from": [7.6, 4.5, 8.35],
			"to": [8.1, 5.5, 8.85],
			"rotation": {"angle": 0, "axis": "y", "origin": [7.5, 7.5, 8.5]},
			"faces": {
				"north": {"uv": [11, 4, 11.5, 5], "texture": "#1"},
				"east": {"uv": [11, 5, 11.5, 6], "texture": "#1"},
				"south": {"uv": [11, 6, 11.5, 7], "texture": "#1"},
				"west": {"uv": [7, 11, 7.5, 12], "texture": "#1"},
				"up": {"uv": [1.5, 14.5, 1, 14], "texture": "#1"},
				"down": {"uv": [14.5, 1, 14, 1.5], "texture": "#1"}
			}
		},
		{
			"name": "Schlüssel",
			"from": [7.6, 4.5, 8.85],
			"to": [8.1, 4.8, 9.15],
			"rotation": {"angle": 0, "axis": "y", "origin": [7.5, 7.5, 8.5]},
			"faces": {
				"north": {"uv": [11, 4, 11.5, 5], "texture": "#1"},
				"east": {"uv": [11, 5, 11.5, 6], "texture": "#1"},
				"south": {"uv": [11, 6, 11.5, 7], "texture": "#1"},
				"west": {"uv": [7, 11, 7.5, 12], "texture": "#1"},
				"up": {"uv": [1.5, 14.5, 1, 14], "texture": "#1"},
				"down": {"uv": [14.5, 1, 14, 1.5], "texture": "#1"}
			}
		},
		{
			"name": "Schlüssel",
			"from": [7.6, 5, 8.85],
			"to": [8.1, 5.3, 9.15],
			"rotation": {"angle": 0, "axis": "y", "origin": [7.5, 7.5, 8.5]},
			"faces": {
				"north": {"uv": [11, 4, 11.5, 5], "texture": "#1"},
				"east": {"uv": [11, 5, 11.5, 6], "texture": "#1"},
				"south": {"uv": [11, 6, 11.5, 7], "texture": "#1"},
				"west": {"uv": [7, 11, 7.5, 12], "texture": "#1"},
				"up": {"uv": [1.5, 14.5, 1, 14], "texture": "#1"},
				"down": {"uv": [14.5, 1, 14, 1.5], "texture": "#1"}
			}
		},
		{
			"name": "Oben",
			"from": [8.5, 7.6, 7.4],
			"to": [9.2, 7.9, 8.1],
			"rotation": {"angle": -22.5, "axis": "x", "origin": [7.5, 8.5, 8.5]},
			"faces": {
				"north": {"uv": [15, 2, 15.75, 2.25], "texture": "#1"},
				"east": {"uv": [3, 15, 3.75, 15.25], "texture": "#1"},
				"south": {"uv": [15, 3, 15.75, 3.25], "texture": "#1"},
				"west": {"uv": [4, 15, 4.75, 15.25], "texture": "#1"},
				"up": {"uv": [11.75, 1.75, 11, 1], "texture": "#1"},
				"down": {"uv": [2.75, 11, 2, 11.75], "texture": "#1"}
			}
		},
		{
			"name": "Seite",
			"from": [8.5, 7.219, 7.025],
			"to": [9.2, 8.999, 7.325],
			"rotation": {"angle": -22.5, "axis": "x", "origin": [7.5, 8.5, 7.5]},
			"faces": {
				"north": {"uv": [6, 8, 6.75, 9.75], "texture": "#1"},
				"east": {"uv": [11, 11, 11.25, 12.75], "texture": "#1"},
				"south": {"uv": [7, 8, 7.75, 9.75], "texture": "#1"},
				"west": {"uv": [0, 12, 0.25, 13.75], "texture": "#1"},
				"up": {"uv": [15.75, 4.25, 15, 4], "texture": "#1"},
				"down": {"uv": [5.75, 15, 5, 15.25], "texture": "#1"}
			}
		},
		{
			"name": "Seite",
			"from": [8.5, 7.6, 8.1],
			"to": [9.2, 9.1, 8.4],
			"rotation": {"angle": -22.5, "axis": "x", "origin": [7.5, 8.5, 8.5]},
			"faces": {
				"north": {"uv": [4, 9, 4.75, 10.5], "texture": "#1"},
				"east": {"uv": [12, 11, 12.25, 12.5], "texture": "#1"},
				"south": {"uv": [9, 4, 9.75, 5.5], "texture": "#1"},
				"west": {"uv": [13, 0, 13.25, 1.5], "texture": "#1"},
				"up": {"uv": [15.75, 5.25, 15, 5], "texture": "#1"},
				"down": {"uv": [6.75, 15, 6, 15.25], "texture": "#1"}
			}
		},
		{
			"name": "Unten",
			"from": [8.5, 9.08, 7.4],
			"to": [9.2, 9.38, 8.4],
			"rotation": {"angle": -22.5, "axis": "x", "origin": [7.5, 8.5, 8.5]},
			"faces": {
				"north": {"uv": [15, 6, 15.75, 6.25], "texture": "#1"},
				"east": {"uv": [2, 14, 3, 14.25], "texture": "#1"},
				"south": {"uv": [7, 15, 7.75, 15.25], "texture": "#1"},
				"west": {"uv": [14, 2, 15, 2.25], "texture": "#1"},
				"up": {"uv": [10.75, 11, 10, 10], "texture": "#1"},
				"down": {"uv": [0.75, 11, 0, 12], "texture": "#1"}
			}
		},
		{
			"name": "Ecke",
			"from": [8.47, 9.05, 7.07],
			"to": [9.23, 9.41, 7.43],
			"rotation": {"angle": -22.5, "axis": "x", "origin": [7.5, 8.5, 8.5]},
			"faces": {
				"north": {"uv": [15, 6, 15.75, 6.25], "texture": "#1"},
				"east": {"uv": [2, 14, 3, 14.25], "texture": "#1"},
				"south": {"uv": [7, 15, 7.75, 15.25], "texture": "#1"},
				"west": {"uv": [14, 2, 15, 2.25], "texture": "#1"},
				"up": {"uv": [10.75, 11, 10, 10], "texture": "#1"},
				"down": {"uv": [0.75, 11, 0, 12], "texture": "#1"}
			}
		},
		{
			"name": "Ecke",
			"from": [8.47, 7.57, 8.07],
			"to": [9.23, 7.93, 8.43],
			"rotation": {"angle": -22.5, "axis": "x", "origin": [7.5, 8.5, 8.5]},
			"faces": {
				"north": {"uv": [15, 6, 15.75, 6.25], "texture": "#1"},
				"east": {"uv": [2, 14, 3, 14.25], "texture": "#1"},
				"south": {"uv": [7, 15, 7.75, 15.25], "texture": "#1"},
				"west": {"uv": [14, 2, 15, 2.25], "texture": "#1"},
				"up": {"uv": [10.75, 11, 10, 10], "texture": "#1"},
				"down": {"uv": [0.75, 11, 0, 12], "texture": "#1"}
			}
		},
		{
			"name": "Ecke",
			"from": [8.47, 9.05, 8.07],
			"to": [9.23, 9.41, 8.43],
			"rotation": {"angle": -22.5, "axis": "x", "origin": [7.5, 8.5, 8.5]},
			"faces": {
				"north": {"uv": [15, 6, 15.75, 6.25], "texture": "#1"},
				"east": {"uv": [2, 14, 3, 14.25], "texture": "#1"},
				"south": {"uv": [7, 15, 7.75, 15.25], "texture": "#1"},
				"west": {"uv": [14, 2, 15, 2.25], "texture": "#1"},
				"up": {"uv": [10.75, 11, 10, 10], "texture": "#1"},
				"down": {"uv": [0.75, 11, 0, 12], "texture": "#1"}
			}
		},
		{
			"name": "Ecke",
			"from": [8.47, 7.57, 7.07],
			"to": [9.23, 7.93, 7.43],
			"rotation": {"angle": -22.5, "axis": "x", "origin": [7.5, 8.5, 8.5]},
			"faces": {
				"north": {"uv": [15, 6, 15.75, 6.25], "texture": "#1"},
				"east": {"uv": [2, 14, 3, 14.25], "texture": "#1"},
				"south": {"uv": [7, 15, 7.75, 15.25], "texture": "#1"},
				"west": {"uv": [14, 2, 15, 2.25], "texture": "#1"},
				"up": {"uv": [10.75, 11, 10, 10], "texture": "#1"},
				"down": {"uv": [0.75, 11, 0, 12], "texture": "#1"}
			}
		},
		{
			"name": "Stab",
			"from": [8.6, 4.6, 7.4],
			"to": [9.1, 7.6, 8.1],
			"rotation": {"angle": -22.5, "axis": "x", "origin": [7.5, 8.5, 8.5]},
			"faces": {
				"north": {"uv": [7, 5, 7.5, 8], "texture": "#1"},
				"east": {"uv": [2, 6, 2.75, 9], "texture": "#1"},
				"south": {"uv": [8, 2, 8.5, 5], "texture": "#1"},
				"west": {"uv": [6, 2, 6.75, 5], "texture": "#1"},
				"up": {"uv": [2.5, 13.75, 2, 13], "texture": "#1"},
				"down": {"uv": [13.5, 2, 13, 2.75], "texture": "#1"}
			}
		},
		{
			"name": "Stab Oben",
			"from": [8.55, 7.45, 7.35],
			"to": [9.15, 7.75, 8.15],
			"rotation": {"angle": -22.5, "axis": "x", "origin": [7.5, 8.5, 8.5]},
			"faces": {
				"north": {"uv": [15, 13, 15.5, 13.25], "texture": "#1"},
				"east": {"uv": [15, 7, 15.75, 7.25], "texture": "#1"},
				"south": {"uv": [14, 15, 14.5, 15.25], "texture": "#1"},
				"west": {"uv": [8, 15, 8.75, 15.25], "texture": "#1"},
				"up": {"uv": [3.5, 13.75, 3, 13], "texture": "#1"},
				"down": {"uv": [13.5, 3, 13, 3.75], "texture": "#1"}
			}
		},
		{
			"name": "Stab Unten",
			"from": [8.55, 5.6, 7.35],
			"to": [9.15, 5.8, 8.15],
			"rotation": {"angle": -22.5, "axis": "x", "origin": [7.5, 8.5, 8.5]},
			"faces": {
				"north": {"uv": [15, 14, 15.5, 14.25], "texture": "#1"},
				"east": {"uv": [15, 8, 15.75, 8.25], "texture": "#1"},
				"south": {"uv": [15, 15, 15.5, 15.25], "texture": "#1"},
				"west": {"uv": [9, 15, 9.75, 15.25], "texture": "#1"},
				"up": {"uv": [4.5, 13.75, 4, 13], "texture": "#1"},
				"down": {"uv": [13.5, 4, 13, 4.75], "texture": "#1"}
			}
		},
		{
			"name": "Schlüssel",
			"from": [8.6, 4.6, 8.1],
			"to": [9.1, 5.6, 8.6],
			"rotation": {"angle": -22.5, "axis": "x", "origin": [7.5, 8.5, 8.5]},
			"faces": {
				"north": {"uv": [11, 7, 11.5, 8], "texture": "#1"},
				"east": {"uv": [8, 11, 8.5, 12], "texture": "#1"},
				"south": {"uv": [11, 8, 11.5, 9], "texture": "#1"},
				"west": {"uv": [9, 11, 9.5, 12], "texture": "#1"},
				"up": {"uv": [3.5, 14.5, 3, 14], "texture": "#1"},
				"down": {"uv": [14.5, 3, 14, 3.5], "texture": "#1"}
			}
		},
		{
			"name": "Schlüssel",
			"from": [8.6, 5.1, 8.6],
			"to": [9.1, 5.4, 8.9],
			"rotation": {"angle": -22.5, "axis": "x", "origin": [7.5, 8.5, 8.5]},
			"faces": {
				"north": {"uv": [11, 7, 11.5, 8], "texture": "#1"},
				"east": {"uv": [8, 11, 8.5, 12], "texture": "#1"},
				"south": {"uv": [11, 8, 11.5, 9], "texture": "#1"},
				"west": {"uv": [9, 11, 9.5, 12], "texture": "#1"},
				"up": {"uv": [3.5, 14.5, 3, 14], "texture": "#1"},
				"down": {"uv": [14.5, 3, 14, 3.5], "texture": "#1"}
			}
		},
		{
			"name": "Schlüssel",
			"from": [8.6, 4.6, 8.6],
			"to": [9.1, 4.9, 8.9],
			"rotation": {"angle": -22.5, "axis": "x", "origin": [7.5, 8.5, 8.5]},
			"faces": {
				"north": {"uv": [11, 7, 11.5, 8], "texture": "#1"},
				"east": {"uv": [8, 11, 8.5, 12], "texture": "#1"},
				"south": {"uv": [11, 8, 11.5, 9], "texture": "#1"},
				"west": {"uv": [9, 11, 9.5, 12], "texture": "#1"},
				"up": {"uv": [3.5, 14.5, 3, 14], "texture": "#1"},
				"down": {"uv": [14.5, 3, 14, 3.5], "texture": "#1"}
			}
		}
	],
	"display": {
		"thirdperson_righthand": {
			"rotation": [70, 0, 0],
			"translation": [0, -3, -2],
			"scale": [1.1, 1.1, 1.1]
		},
		"firstperson_righthand": {
			"rotation": [20, 0, 0],
			"translation": [0, 2.5, 3]
		},
		"firstperson_lefthand": {
			"rotation": [20, 0, 0],
			"translation": [0, 2.5, 3]
		},
		"gui": {
			"rotation": [0, 45, 0],
			"translation": [0, 0.25, 0],
			"scale": [2.2, 2.2, 2.2]
		},
		"fixed": {
			"translation": [0, 0, -1.5],
			"scale": [2, 2, 2]
		}
	},
	"groups": [
		{
			"name": "Griff",
			"origin": [8, 8, 8],
			"children": [0, 1, 2, 3]
		},
		{
			"name": "Schlüssel Legendary",
			"origin": [8, 8, 8],
			"children": [4, 5, 6, 7, 8, 9, 10, 11, 12, 13, 14, 15, 16, 17]
		},
		{
			"name": "Schlüssel Rare",
			"origin": [8, 8, 8],
			"children": [18, 19, 20, 21, 22, 23, 24, 25, 26, 27, 28, 29, 30, 31]
		},
		{
			"name": "Schlüssel Mine",
			"origin": [8, 8, 8],
			"children": [32, 33, 34, 35, 36, 37, 38, 39, 40, 41, 42, 43, 44, 45]
		}
	]
}