{
	"credit": "Made with Blockbench",
	"texture_size": [64, 64],
	"textures": {
		"0": "./bombs",
		"particle": "./bombs"
	},
	"elements": [
		{
			"name": "Mitte",
			"from": [6.5, 6.5, 6.5],
			"to": [9.5, 9.5, 9.5],
			"rotation": {"angle": 0, "axis": "y", "origin": [7.5, 7.5, 7.5]},
			"faces": {
				"north": {"uv": [0, 0, 0.75, 0.75], "texture": "#0"},
				"east": {"uv": [0, 1, 0.75, 1.75], "texture": "#0"},
				"south": {"uv": [1, 0, 1.75, 0.75], "texture": "#0"},
				"west": {"uv": [1, 1, 1.75, 1.75], "texture": "#0"},
				"up": {"uv": [0.75, 2.75, 0, 2], "texture": "#0"},
				"down": {"uv": [2.75, 0, 2, 0.75], "texture": "#0"}
			}
		},
		{
			"name": "Oben",
			"from": [6.5, 9.5, 6.5],
			"to": [9.5, 10.5, 9.5],
			"rotation": {"angle": 0, "axis": "y", "origin": [7.5, 7.5, 7.5]},
			"faces": {
				"north": {"uv": [5.75, 1.5, 6.5, 1.75], "texture": "#0"},
				"east": {"uv": [2, 5.75, 2.75, 6], "texture": "#0"},
				"south": {"uv": [5.75, 2, 6.5, 2.25], "texture": "#0"},
				"west": {"uv": [5.75, 2.5, 6.5, 2.75], "texture": "#0"},
				"up": {"uv": [1.75, 2.75, 1, 2], "texture": "#0"},
				"down": {"uv": [2.75, 1, 2, 1.75], "texture": "#0"}
			}
		},
		{
			"name": "Unten",
			"from": [6.5, 5.5, 6.5],
			"to": [9.5, 6.5, 9.5],
			"rotation": {"angle": 0, "axis": "y", "origin": [7.5, 7.5, 7.5]},
			"faces": {
				"north": {"uv": [3, 5.75, 3.75, 6], "texture": "#0"},
				"east": {"uv": [5.75, 3, 6.5, 3.25], "texture": "#0"},
				"south": {"uv": [5.75, 3.5, 6.5, 3.75], "texture": "#0"},
				"west": {"uv": [5.75, 4, 6.5, 4.25], "texture": "#0"},
				"up": {"uv": [2.75, 2.75, 2, 2], "texture": "#0"},
				"down": {"uv": [0.75, 3, 0, 3.75], "texture": "#0"}
			}
		},
		{
			"name": "Seite",
			"from": [9.5, 6.5, 6.5],
			"to": [10.5, 9.5, 9.5],
			"rotation": {"angle": 0, "axis": "y", "origin": [7.5, 7.5, 7.5]},
			"faces": {
				"north": {"uv": [5.75, 4.5, 6, 5.25], "texture": "#0"},
				"east": {"uv": [3, 0, 3.75, 0.75], "texture": "#0"},
				"south": {"uv": [6, 5.5, 6.25, 6.25], "texture": "#0"},
				"west": {"uv": [1, 3, 1.75, 3.75], "texture": "#0"},
				"up": {"uv": [2.25, 7, 2, 6.25], "texture": "#0"},
				"down": {"uv": [2.75, 6.25, 2.5, 7], "texture": "#0"}
			}
		},
		{
			"name": "Seite",
			"from": [6.5, 6.5, 9.5],
			"to": [9.5, 9.5, 10.5],
			"rotation": {"angle": 0, "axis": "y", "origin": [7.5, 7.5, 7.5]},
			"faces": {
				"north": {"uv": [3, 1, 3.75, 1.75], "texture": "#0"},
				"east": {"uv": [3, 6.25, 3.25, 7], "texture": "#0"},
				"south": {"uv": [2, 3, 2.75, 3.75], "texture": "#0"},
				"west": {"uv": [3.5, 6.25, 3.75, 7], "texture": "#0"},
				"up": {"uv": [6.75, 0.25, 6, 0], "texture": "#0"},
				"down": {"uv": [4.75, 6.25, 4, 6.5], "texture": "#0"}
			}
		},
		{
			"name": "Seite",
			"from": [6.5, 6.5, 5.5],
			"to": [9.5, 9.5, 6.5],
			"rotation": {"angle": 0, "axis": "y", "origin": [7.5, 7.5, 7.5]},
			"faces": {
				"north": {"uv": [3, 2, 3.75, 2.75], "texture": "#0"},
				"east": {"uv": [6.25, 4.5, 6.5, 5.25], "texture": "#0"},
				"south": {"uv": [3, 3, 3.75, 3.75], "texture": "#0"},
				"west": {"uv": [5, 6.25, 5.25, 7], "texture": "#0"},
				"up": {"uv": [0.75, 6.75, 0, 6.5], "texture": "#0"},
				"down": {"uv": [1.75, 6.5, 1, 6.75], "texture": "#0"}
			}
		},
		{
			"name": "Seite",
			"from": [5.5, 6.5, 6.5],
			"to": [6.5, 9.5, 9.5],
			"rotation": {"angle": 0, "axis": "y", "origin": [7.5, 7.5, 7.5]},
			"faces": {
				"north": {"uv": [5.5, 6.25, 5.75, 7], "texture": "#0"},
				"east": {"uv": [0, 4, 0.75, 4.75], "texture": "#0"},
				"south": {"uv": [6.5, 5.5, 6.75, 6.25], "texture": "#0"},
				"west": {"uv": [4, 0, 4.75, 0.75], "texture": "#0"},
				"up": {"uv": [6.25, 7.25, 6, 6.5], "texture": "#0"},
				"down": {"uv": [6.75, 6.5, 6.5, 7.25], "texture": "#0"}
			}
		},
		{
			"name": "Seite Aussen",
			"from": [6.79, 6.5, 5.378],
			"to": [8.21, 9.5, 6.378],
			"rotation": {"angle": 45, "axis": "y", "origin": [7.5, 7.5, 7.5]},
			"faces": {
				"north": {"uv": [1, 4, 1.375, 4.75], "texture": "#0"},
				"east": {"uv": [6.75, 0.5, 7, 1.25], "texture": "#0"},
				"south": {"uv": [4, 1, 4.375, 1.75], "texture": "#0"},
				"west": {"uv": [6.75, 1.5, 7, 2.25], "texture": "#0"},
				"up": {"uv": [4.375, 5.25, 4, 5], "texture": "#0"},
				"down": {"uv": [7.625, 4.5, 7.25, 4.75], "texture": "#0"}
			}
		},
		{
			"name": "Seite Aussen",
			"from": [6.79, 6.5, 9.622],
			"to": [8.21, 9.5, 10.622],
			"rotation": {"angle": -45, "axis": "y", "origin": [7.5, 7.5, 8.5]},
			"faces": {
				"north": {"uv": [1.75, 4, 2.125, 4.75], "texture": "#0"},
				"east": {"uv": [6.75, 2.5, 7, 3.25], "texture": "#0"},
				"south": {"uv": [4, 2, 4.375, 2.75], "texture": "#0"},
				"west": {"uv": [6.75, 3.5, 7, 4.25], "texture": "#0"},
				"up": {"uv": [5.375, 7.5, 5, 7.25], "texture": "#0"},
				"down": {"uv": [7.625, 5, 7.25, 5.25], "texture": "#0"}
			}
		},
		{
			"name": "Seite Aussen",
			"from": [7.79, 6.5, 9.622],
			"to": [9.21, 9.5, 10.622],
			"rotation": {"angle": 45, "axis": "y", "origin": [8.5, 7.5, 8.5]},
			"faces": {
				"north": {"uv": [2.5, 4, 2.875, 4.75], "texture": "#0"},
				"east": {"uv": [4, 6.75, 4.25, 7.5], "texture": "#0"},
				"south": {"uv": [4, 3, 4.375, 3.75], "texture": "#0"},
				"west": {"uv": [4.5, 6.75, 4.75, 7.5], "texture": "#0"},
				"up": {"uv": [7.875, 5.75, 7.5, 5.5], "texture": "#0"},
				"down": {"uv": [6.125, 7.5, 5.75, 7.75], "texture": "#0"}
			}
		},
		{
			"name": "Seite Aussen",
			"from": [7.79, 6.5, 5.378],
			"to": [9.21, 9.5, 6.378],
			"rotation": {"angle": -45, "axis": "y", "origin": [8.5, 7.5, 7.5]},
			"faces": {
				"north": {"uv": [3.25, 4, 3.625, 4.75], "texture": "#0"},
				"east": {"uv": [6.75, 4.5, 7, 5.25], "texture": "#0"},
				"south": {"uv": [4, 4, 4.375, 4.75], "texture": "#0"},
				"west": {"uv": [0, 7, 0.25, 7.75], "texture": "#0"},
				"up": {"uv": [7.875, 6.25, 7.5, 6], "texture": "#0"},
				"down": {"uv": [6.875, 7.5, 6.5, 7.75], "texture": "#0"}
			}
		},
		{
			"name": "Unten Seite",
			"from": [9.33, 7.5, 6.5],
			"to": [10.33, 8.91, 9.5],
			"rotation": {"angle": -45, "axis": "z", "origin": [7.5, 7.5, 7.5]},
			"faces": {
				"north": {"uv": [7.25, 7.5, 7.5, 7.875], "texture": "#0"},
				"east": {"uv": [4.75, 1, 5.5, 1.375], "texture": "#0"},
				"south": {"uv": [2, 7.75, 2.25, 8.125], "texture": "#0"},
				"west": {"uv": [4.75, 1.75, 5.5, 2.125], "texture": "#0"},
				"up": {"uv": [0.75, 7.75, 0.5, 7], "texture": "#0"},
				"down": {"uv": [1.25, 7, 1, 7.75], "texture": "#0"}
			}
		},
		{
			"name": "Unten Seite",
			"from": [4.67, 7.09, 6.5],
			"to": [5.67, 8.5, 9.5],
			"rotation": {"angle": 45, "axis": "z", "origin": [7.5, 8.5, 7.5]},
			"faces": {
				"north": {"uv": [2.5, 7.75, 2.75, 8.125], "texture": "#0"},
				"east": {"uv": [4.75, 2.5, 5.5, 2.875], "texture": "#0"},
				"south": {"uv": [7.75, 2.5, 8, 2.875], "texture": "#0"},
				"west": {"uv": [4.75, 3.25, 5.5, 3.625], "texture": "#0"},
				"up": {"uv": [1.75, 7.75, 1.5, 7], "texture": "#0"},
				"down": {"uv": [7.25, 5.5, 7, 6.25], "texture": "#0"}
			}
		},
		{
			"name": "Unten Seite",
			"from": [6.5, 7.8, 10.03],
			"to": [9.5, 9.21, 11.03],
			"rotation": {"angle": 45, "axis": "x", "origin": [7.5, 8.5, 7.5]},
			"faces": {
				"north": {"uv": [4.75, 4, 5.5, 4.375], "texture": "#0"},
				"east": {"uv": [7.75, 3.25, 8, 3.625], "texture": "#0"},
				"south": {"uv": [4.75, 4.75, 5.5, 5.125], "texture": "#0"},
				"west": {"uv": [4, 7.75, 4.25, 8.125], "texture": "#0"},
				"up": {"uv": [7.75, 0.25, 7, 0], "texture": "#0"},
				"down": {"uv": [7.75, 6.5, 7, 6.75], "texture": "#0"}
			}
		},
		{
			"name": "Unten Seite",
			"from": [6.5, 7.8, 4.97],
			"to": [9.5, 9.21, 5.97],
			"rotation": {"angle": -45, "axis": "x", "origin": [7.5, 8.5, 8.5]},
			"faces": {
				"north": {"uv": [0, 5, 0.75, 5.375], "texture": "#0"},
				"east": {"uv": [4.5, 7.75, 4.75, 8.125], "texture": "#0"},
				"south": {"uv": [5, 0, 5.75, 0.375], "texture": "#0"},
				"west": {"uv": [5, 7.75, 5.25, 8.125], "texture": "#0"},
				"up": {"uv": [7.75, 7.25, 7, 7], "texture": "#0"},
				"down": {"uv": [8, 0.5, 7.25, 0.75], "texture": "#0"}
			}
		},
		{
			"name": "Oben Seite",
			"from": [6.5, 6.79, 4.965],
			"to": [9.5, 8.21, 5.965],
			"rotation": {"angle": 45, "axis": "x", "origin": [7.5, 7.5, 8.5]},
			"faces": {
				"north": {"uv": [1, 5, 1.75, 5.375], "texture": "#0"},
				"east": {"uv": [7.75, 7.5, 8, 7.875], "texture": "#0"},
				"south": {"uv": [2, 5, 2.75, 5.375], "texture": "#0"},
				"west": {"uv": [0, 8, 0.25, 8.375], "texture": "#0"},
				"up": {"uv": [8, 1.25, 7.25, 1], "texture": "#0"},
				"down": {"uv": [8, 1.5, 7.25, 1.75], "texture": "#0"}
			}
		},
		{
			"name": "Oben Seite",
			"from": [6.5, 6.79, 10.035],
			"to": [9.5, 8.208, 11.035],
			"rotation": {"angle": -45, "axis": "x", "origin": [7.5, 7.5, 7.5]},
			"faces": {
				"north": {"uv": [3, 5, 3.75, 5.375], "texture": "#0"},
				"east": {"uv": [0.5, 8, 0.75, 8.375], "texture": "#0"},
				"south": {"uv": [4, 5.5, 4.75, 5.875], "texture": "#0"},
				"west": {"uv": [1, 8, 1.25, 8.375], "texture": "#0"},
				"up": {"uv": [2.75, 7.5, 2, 7.25], "texture": "#0"},
				"down": {"uv": [8, 2, 7.25, 2.25], "texture": "#0"}
			}
		},
		{
			"name": "Oben Seite",
			"from": [9.33, 7.09, 6.5],
			"to": [10.33, 8.5, 9.5],
			"rotation": {"angle": 45, "axis": "z", "origin": [7.5, 8.5, 7.5]},
			"faces": {
				"north": {"uv": [1.5, 8, 1.75, 8.375], "texture": "#0"},
				"east": {"uv": [5, 5.5, 5.75, 5.875], "texture": "#0"},
				"south": {"uv": [8, 4, 8.25, 4.375], "texture": "#0"},
				"west": {"uv": [0, 5.75, 0.75, 6.125], "texture": "#0"},
				"up": {"uv": [7.5, 3.25, 7.25, 2.5], "texture": "#0"},
				"down": {"uv": [3.25, 7.25, 3, 8], "texture": "#0"}
			}
		},
		{
			"name": "Oben Seite",
			"from": [4.67, 7.5, 6.5],
			"to": [5.67, 8.913, 9.5],
			"rotation": {"angle": -45, "axis": "z", "origin": [7.5, 7.5, 7.5]},
			"faces": {
				"north": {"uv": [8, 4.75, 8.25, 5.125], "texture": "#0"},
				"east": {"uv": [5.75, 0.75, 6.5, 1.125], "texture": "#0"},
				"south": {"uv": [5.5, 8, 5.75, 8.375], "texture": "#0"},
				"west": {"uv": [1, 5.75, 1.75, 6.125], "texture": "#0"},
				"up": {"uv": [3.75, 8, 3.5, 7.25], "texture": "#0"},
				"down": {"uv": [7.5, 3.5, 7.25, 4.25], "texture": "#0"}
			}
		},
		{
			"name": "Oben Untere Teil",
			"from": [7.77, 10.47, 7.77],
			"to": [8.23, 10.93, 8.23],
			"rotation": {"angle": 0, "axis": "y", "origin": [7.8, 4.8, 7.8]},
			"faces": {
				"north": {"uv": [8, 0, 8.125, 0.125], "texture": "#0"},
				"east": {"uv": [6, 8, 6.125, 8.125], "texture": "#0"},
				"south": {"uv": [6.5, 8, 6.625, 8.125], "texture": "#0"},
				"west": {"uv": [8, 6.5, 8.125, 6.625], "texture": "#0"},
				"up": {"uv": [8.125, 7.125, 8, 7], "texture": "#0"},
				"down": {"uv": [8.375, 0.5, 8.25, 0.625], "texture": "#0"}
			}
		},
		{
			"name": "Oben",
			"from": [7.9, 10.9, 7.9],
			"to": [8.15, 11.15, 8.15],
			"rotation": {"angle": 0, "axis": "y", "origin": [7.9, -1.2, 7.9]},
			"faces": {
				"north": {"uv": [8.25, 1, 8.3125, 1.0625], "texture": "#0"},
				"east": {"uv": [8.25, 1.5, 8.3125, 1.5625], "texture": "#0"},
				"south": {"uv": [8.25, 2, 8.3125, 2.0625], "texture": "#0"},
				"west": {"uv": [8.25, 2.5, 8.3125, 2.5625], "texture": "#0"},
				"up": {"uv": [3.0625, 8.3125, 3, 8.25], "texture": "#0"},
				"down": {"uv": [8.3125, 3, 8.25, 3.0625], "texture": "#0"}
			}
		},
		{
			"name": "Oben",
			"from": [7.9, 11.1, 7.9],
			"to": [8.15, 11.35, 8.15],
			"rotation": {"angle": 0, "axis": "x", "origin": [7.9, -1.2, 7.9]},
			"faces": {
				"north": {"uv": [3.5, 8.25, 3.5625, 8.3125], "texture": "#0"},
				"east": {"uv": [8.25, 3.5, 8.3125, 3.5625], "texture": "#0"},
				"south": {"uv": [8.25, 5.5, 8.3125, 5.5625], "texture": "#0"},
				"west": {"uv": [8.25, 6, 8.3125, 6.0625], "texture": "#0"},
				"up": {"uv": [7.0625, 8.3125, 7, 8.25], "texture": "#0"},
				"down": {"uv": [7.5625, 8.25, 7.5, 8.3125], "texture": "#0"}
			}
		},
		{
			"name": "Oben",
			"from": [7.9, 11.3, 7.9],
			"to": [8.15, 11.55, 8.15],
			"rotation": {"angle": 0, "axis": "x", "origin": [7.9, -1.2, 7.9]},
			"faces": {
				"north": {"uv": [8.25, 7.5, 8.3125, 7.5625], "texture": "#0"},
				"east": {"uv": [8, 8.25, 8.0625, 8.3125], "texture": "#0"},
				"south": {"uv": [8.5, 0, 8.5625, 0.0625], "texture": "#0"},
				"west": {"uv": [2, 8.5, 2.0625, 8.5625], "texture": "#0"},
				"up": {"uv": [2.5625, 8.5625, 2.5, 8.5], "texture": "#0"},
				"down": {"uv": [4.0625, 8.5, 4, 8.5625], "texture": "#0"}
			}
		},
		{
			"name": "Oben",
			"from": [3.02, 10.58, 7.9],
			"to": [3.27, 10.83, 8.15],
			"rotation": {"angle": -22.5, "axis": "z", "origin": [7.9, -1.2, 7.9]},
			"faces": {
				"north": {"uv": [8.5, 4, 8.5625, 4.0625], "texture": "#0"},
				"east": {"uv": [4.5, 8.5, 4.5625, 8.5625], "texture": "#0"},
				"south": {"uv": [8.5, 4.5, 8.5625, 4.5625], "texture": "#0"},
				"west": {"uv": [5, 8.5, 5.0625, 8.5625], "texture": "#0"},
				"up": {"uv": [8.5625, 5.0625, 8.5, 5], "texture": "#0"},
				"down": {"uv": [6.0625, 8.5, 6, 8.5625], "texture": "#0"}
			}
		},
		{
			"name": "Oben",
			"from": [-1.211, 8.045, 7.9],
			"to": [-0.961, 8.295, 8.15],
			"rotation": {"angle": -45, "axis": "z", "origin": [7.9, -1.2, 7.9]},
			"faces": {
				"north": {"uv": [6.5, 8.5, 6.5625, 8.5625], "texture": "#0"},
				"east": {"uv": [8.5, 6.5, 8.5625, 6.5625], "texture": "#0"},
				"south": {"uv": [8.5, 7, 8.5625, 7.0625], "texture": "#0"},
				"west": {"uv": [8.5, 8, 8.5625, 8.0625], "texture": "#0"},
				"up": {"uv": [8.5625, 8.5625, 8.5, 8.5], "texture": "#0"},
				"down": {"uv": [0.0625, 8.75, 0, 8.8125], "texture": "#0"}
			}
		}
	],
	"display": {
		"thirdperson_righthand": {
			"rotation": [30, 0, 0],
			"scale": [0.5, 0.5, 0.5]
		},
		"thirdperson_lefthand": {
			"rotation": [30, 0, 0],
			"scale": [0.5, 0.5, 0.5]
		},
		"firstperson_righthand": {
			"translation": [2, 0, 0]
		},
		"firstperson_lefthand": {
			"translation": [2, 0, 0]
		},
		"gui": {
			"rotation": [20, 20, 0],
			"translation": [0.25, -1, 0],
			"scale": [2.2, 2.2, 2.2]
		},
		"fixed": {
			"translation": [0, -0.75, -1],
			"scale": [2, 2, 2]
		}
	},
	"groups": [
		{
			"name": "Bombe selbst",
			"origin": [8, 8, 8],
			"children": [0, 1, 2, 3, 4, 5, 6, 7, 8, 9, 10, 11, 12, 13, 14, 15, 16, 17, 18]
		},
		{
			"name": "Schnur",
			"origin": [8, 8, 8],
			"children": [19, 20, 21, 22, 23, 24]
		}
	]
}